단계,유형,type,단계_순서,힌트내용
1,A,본문제,1,문제의 마지막 문장에서 무엇을 구하라고 했는지 다시 확인해보세요.
1,A,본문제,2,이 문제에서는 1단계에서 확인한 ‘구해야 하는 것’을 [RED: x]로 정해보세요.
1,A,본문제,3,동생의 나이가 [RED: x]살이고 형은 동생보다 4살 많아요. [RED: x]에 4를 더해보세요.
1,A,본문제,4,"형의 나이는 [RED: x]+4, 동생의 나이는 [RED: x]살이에요. 두 사람의 나이를 더하면 26과 같아요. 이를 이용하여 식을 만들어보세요."
1,A,본문제,6,5단계에서 구한 [RED: x]의 값이 바로 문제의 답이에요. 구한 값을 써보세요.
1,A,유사문제1,1,문제의 마지막 문장에서 무엇을 구하라고 했는지 다시 확인해보세요.
1,A,유사문제1,2,이 문제에서는 1단계에서 확인한 ‘구해야 하는 것’을 [RED: x]로 정해보세요.
1,A,유사문제1,3,동생의 나이가 [RED: x]살이고 누나는 동생보다 3살 많아요. [RED: x]에 3을 더해보세요.
1,A,유사문제1,4,"누나의 나이는 [RED: x]+3, 동생의 나이는 [RED: x]살이에요. 두 사람의 나이를 더하면 21과 같아요. 이를 이용하여 식을 만들어보세요."
1,A,유사문제1,6,5단계에서 구한 [RED: x]의 값이 바로 문제의 답이에요. 구한 값을 써보세요.
1,B,본문제,1,문제의 마지막 문장에서 무엇을 구하라고 했는지 다시 확인해보세요.
1,B,본문제,2,이 문제에서는 1단계에서 확인한 ‘구해야 하는 것’을 [RED: x]로 정해보세요.
1,B,본문제,3,남학생의 수가 [RED: x]명이고 여학생은 남학생보다 8명 많아요. [RED: x]에 8을 더해보세요.
1,B,본문제,4,"남학생 수는 [RED: x], 여학생 수는 [RED: x]+8이에요. 남학생 수와 여학생 수를 더하면 전체 학생 수 36과 같아요. 이를 이용하여 식을 만들어보세요."
1,B,본문제,6,5단계에서 구한 [RED: x]의 값이 바로 문제의 답이에요. 구한 값을 써보세요.
1,B,유사문제1,1,문제의 마지막 문장에서 무엇을 구하라고 했는지 다시 확인해보세요.
1,B,유사문제1,2,이 문제에서는 1단계에서 확인한 ‘구해야 하는 것’을 [RED: x]로 정해보세요.
1,B,유사문제1,3,남학생의 수가 [RED: x]명이고 여학생은 남학생보다 6명 많아요. [RED: x]에 6을 더해보세요.
1,B,유사문제1,4,"남학생 수는 [RED: x], 여학생 수는 [RED: x]+6이에요. 남학생 수와 여학생 수를 더하면 전체 학생 수 30과 같아요. 이를 이용하여 식을 만들어보세요."
1,B,유사문제1,6,5단계에서 구한 [RED: x]의 값이 바로 문제의 답이에요. 구한 값을 써보세요.
1,C,본문제,1,문제의 마지막 문장에서 무엇을 구하라고 했는지 다시 확인해보세요.
1,C,본문제,2,이 문제에서는 1단계에서 확인한 ‘구해야 하는 것’을 [RED: x]로 정해보세요.
1,C,본문제,3,2점 슛은 1개에 2점이에요. 2점 슛이 [RED: x]개이므로 2와 [RED: x]를 곱해보세요.
1,C,본문제,4,"3점 슛으로 얻은 점수는 3×3, 2점 슛으로 얻은 점수는 2[RED: x]예요. 두 점수를 더하면 총점 37과 같아요. 이를 이용하여 식을 만들어보세요."
1,C,본문제,6,5단계에서 구한 [RED: x]의 값이 바로 문제의 답이에요. 구한 값을 써보세요.
1,C,유사문제1,1,문제의 마지막 문장에서 무엇을 구하라고 했는지 다시 확인해보세요.
1,C,유사문제1,2,이 문제에서는 1단계에서 확인한 ‘구해야 하는 것’을 [RED: x]로 정해보세요.
1,C,유사문제1,3,2점 슛은 1개에 2점이에요. 2점 슛이 [RED: x]개이므로 2와 [RED: x]를 곱해보세요.
1,C,유사문제1,4,"3점 슛으로 얻은 점수는 3×2, 2점 슛으로 얻은 점수는 2[RED: x]예요. 두 점수를 더하면 총점 28과 같아요. 이를 이용하여 식을 만들어보세요."
1,C,유사문제1,6,5단계에서 구한 [RED: x]의 값이 바로 문제의 답이에요. 구한 값을 써보세요.
1,D,본문제,1,문제의 마지막 문장에서 무엇을 구하라고 했는지 다시 확인해보세요.
1,D,본문제,2,이 문제에서는 1단계에서 확인한 ‘구해야 하는 것’을 [RED: x]로 정해보세요.
1,D,본문제,3,볼펜은 한 자루에 800원이에요. 볼펜이 [RED: x]자루이므로 800과 [RED: x]를 곱해보세요.
1,D,본문제,4,"볼펜의 가격은 800[RED: x], 필통의 가격은 2000이에요. 두 가격을 더하면 전체 가격 9200과 같아요. 이를 이용하여 식을 만들어보세요."
1,D,본문제,6,5단계에서 구한 [RED: x]의 값이 바로 문제의 답이에요. 구한 값을 써보세요.
1,D,유사문제1,1,문제의 마지막 문장에서 무엇을 구하라고 했는지 다시 확인해보세요.
1,D,유사문제1,2,이 문제에서는 1단계에서 확인한 ‘구해야 하는 것’을 [RED: x]로 정해보세요.
1,D,유사문제1,3,연필은 한 자루에 700원이에요. 연필이 [RED: x]자루이므로 700과 [RED: x]를 곱해보세요.
1,D,유사문제1,4,"연필의 가격은 700[RED: x], 필통의 가격은 2000이에요. 두 가격을 더하면 전체 가격 9000과 같아요. 이를 이용하여 식을 만들어보세요."
1,D,유사문제1,6,5단계에서 구한 [RED: x]의 값이 바로 문제의 답이에요. 구한 값을 써보세요.
1,E,본문제,1,문제의 마지막 문장에서 무엇을 구하라고 했는지 다시 확인해보세요.
1,E,본문제,2,이 문제에서는 1단계에서 확인한 ‘구해야 하는 것’을 [RED: x]로 정해보세요.
1,E,본문제,3,"소와 닭을 합하면 15마리이고, 소가 [RED: x]마리예요. 전체 15마리에서 소의 수 [RED: x]를 빼보세요."
1,E,본문제,4,"소의 다리 수는 4[RED: x], 닭의 다리 수는 2(15-[RED: x])예요. 소와 닭의 다리 수를 더하면 전체 다리 수 44와 같아요. 이를 이용하여 식을 만들어보세요."
1,E,본문제,6,5단계에서 구한 [RED: x]의 값이 바로 문제의 답이에요. 구한 값을 써보세요.
1,E,유사문제1,1,문제의 마지막 문장에서 무엇을 구하라고 했는지 다시 확인해보세요.
1,E,유사문제1,2,이 문제에서는 1단계에서 확인한 ‘구해야 하는 것’을 [RED: x]로 정해보세요.
1,E,유사문제1,3,"양과 오리를 합하면 18마리이고, 양이 [RED: x]마리예요. 전체 18마리에서 양의 수 [RED: x]를 빼보세요."
1,E,유사문제1,4,"양의 다리 수는 4[RED: x], 오리의 다리 수는 2(18-[RED: x])예요. 양과 오리의 다리 수를 더하면 전체 다리 수 54와 같아요. 이를 이용하여 식을 만들어보세요."
1,E,유사문제1,6,5단계에서 구한 [RED: x]의 값이 바로 문제의 답이에요. 구한 값을 써보세요.
2,A,본문제,1,문제의 마지막 문장에서 무엇을 구하라고 했는지 다시 확인해보세요.
2,A,본문제,2,이 문제에서는 1단계에서 확인한 ‘구해야 하는 것’을 [RED: x]로 정해보세요.
2,A,본문제,3,"형이 동생에게 [RED: x]장의 우표를 주므로, 형의 우표에서는 [RED: x]를 빼고 동생의 우표에는 [RED: x]를 더해보세요."
2,A,본문제,4,"동생이 가진 우표는 12+[RED: x], 형이 가진 우표는 16-[RED: x]장이에요. 동생이 가진 우표 수는 형이 가진 우표 수의 3배와 같아요. 이를 이용하여 식을 만들어보세요."
2,A,본문제,6,5단계에서 구한 [RED: x]의 값이 바로 문제의 답이에요. 구한 값을 써보세요.
2,A,유사문제1,1,문제의 마지막 문장에서 무엇을 구하라고 했는지 다시 확인해보세요.
2,A,유사문제1,2,이 문제에서는 1단계에서 확인한 ‘구해야 하는 것’을 [RED: x]로 정해보세요.
2,A,유사문제1,3,"누나가 동생에게 [RED: x]개의 구슬을 주므로, 누나의 구슬에서는 [RED: x]를 빼고 동생의 구슬에는 [RED: x]를 더해보세요."
2,A,유사문제1,4,"동생이 가진 구슬은 8+[RED: x], 누나가 가진 구슬은 20-[RED: x]개예요. 동생이 가진 구슬 수는 누나가 가진 구슬 수의 3배와 같아요. 이를 이용하여 식을 만들어보세요."
2,A,유사문제1,6,5단계에서 구한 [RED: x]의 값이 바로 문제의 답이에요. 구한 값을 써보세요.
2,B,본문제,1,문제의 마지막 문장에서 무엇을 구하라고 했는지 다시 확인해보세요.
2,B,본문제,2,이 문제에서는 1단계에서 확인한 ‘구해야 하는 것’을 [RED: x]로 정해보세요.
2,B,본문제,3,지금부터 [RED: x]년 후에는 어머니와 아들의 나이가 모두 [RED: x]살만큼 늘어나요. 현재 나이에 [RED: x]를 각각 더해보세요.
2,B,본문제,4,"[RED: x]년 후 어머니의 나이는 40+[RED: x], 아들의 나이는 8+[RED: x]살이에요. 어머니의 나이는 아들의 나이의 3배와 같아요. 이를 이용하여 식을 만들어보세요."
2,B,본문제,6,5단계에서 구한 [RED: x]의 값이 바로 문제의 답이에요. 구한 값을 써보세요.
2,B,유사문제1,1,문제의 마지막 문장에서 무엇을 구하라고 했는지 다시 확인해보세요.
2,B,유사문제1,2,이 문제에서는 1단계에서 확인한 ‘구해야 하는 것’을 [RED: x]로 정해보세요.
2,B,유사문제1,3,지금부터 [RED: x]년 후에는 아버지와 딸의 나이가 모두 [RED: x]살만큼 늘어나요. 현재 나이에 [RED: x]를 각각 더해보세요.
2,B,유사문제1,4,"[RED: x]년 후 아버지의 나이는 45+[RED: x], 딸의 나이는 9+[RED: x]살이에요. 아버지의 나이는 딸의 나이의 4배와 같아요. 이를 이용하여 식을 만들어보세요."
2,B,유사문제1,6,5단계에서 구한 [RED: x]의 값이 바로 문제의 답이에요. 구한 값을 써보세요.
2,C,본문제,1,문제의 마지막 문장에서 무엇을 구하라고 했는지 다시 확인해보세요.
2,C,본문제,2,"이 문제에서는 1단계에서 확인한 ‘구해야 하는 것’이 두 자리 자연수 1개예요. 하지만 두 자리 자연수는 십의 자리 숫자와 일의 자리 숫자 2개로 이루어져 있어요. 일의 자리 숫자는 8이라고 알려주었으므로, 모르는 십의 자리 숫자를 [RED: x]로 정해보세요."
2,C,본문제,3,두 자리 자연수는 ‘십의 자리 숫자×10 + 일의 자리 숫자’로 나타내요. 십의 자리 숫자가 [RED: x]이고 일의 자리 숫자가 8인 두 자리 자연수를 식으로 나타내보세요.
2,C,본문제,4,두 자리 자연수 10[RED: x]+8의 십의 자리 숫자와 일의 자리 숫자의 합은 [RED: x]+8이에요. 두 자리 자연수 10[RED: x]+8은 [RED: x]+8의 4배와 같아요. 이를 이용하여 식을 만들어보세요.
2,C,본문제,6,"5단계에서 구한 [RED: x]의 값 4는 십의 자리 숫자예요. 일의 자리 숫자는 8이므로, 두 자리 자연수를 만들어보세요."
2,C,유사문제1,1,문제의 마지막 문장에서 무엇을 구하라고 했는지 다시 확인해보세요.
2,C,유사문제1,2,"이 문제에서는 1단계에서 확인한 ‘구해야 하는 것’이 두 자리 자연수 1개예요. 하지만 두 자리 자연수는 십의 자리 숫자와 일의 자리 숫자 2개로 이루어져 있어요. 일의 자리 숫자는 6이라고 알려주었으므로, 모르는 십의 자리 숫자를 [RED: x]로 정해보세요."
2,C,유사문제1,3,두 자리 자연수는 ‘십의 자리 숫자×10 + 일의 자리 숫자’로 나타내요. 십의 자리 숫자가 [RED: x]이고 일의 자리 숫자가 6인 두 자리 자연수를 식으로 나타내보세요.
2,C,유사문제1,4,두 자리 자연수 10[RED: x]+6의 십의 자리 숫자와 일의 자리 숫자의 합은 [RED: x]+6이에요. 두 자리 자연수 10[RED: x]+6은 [RED: x]+6의 4배와 같아요. 이를 이용하여 식을 만들어보세요.
2,C,유사문제1,6,"5단계에서 구한 [RED: x]의 값 3은 십의 자리 숫자예요. 일의 자리 숫자는 6이므로, 두 자리 자연수를 만들어보세요."
2,D,본문제,1,문제의 마지막 문장에서 무엇을 구하라고 했는지 다시 확인해보세요.
2,D,본문제,2,"이 문제에서는 1단계에서 확인한 ‘구해야 하는 것’이 연속하는 두 자연수로 2개예요. 하지만 미지수 [RED: x]는 1개만 정해야 하므로, 두 자연수 중 작은 자연수를 [RED: x]로 정해보세요."
2,D,본문제,3,연속하는 두 자연수는 1씩 차이가 나요. 작은 자연수가 [RED: x]이면 큰 자연수는 [RED: x]에 1을 더해 나타내보세요.
2,D,본문제,4,"작은 자연수는 [RED: x], 큰 자연수는 [RED: x]+1이에요. 두 자연수를 더하면 71과 같아요. 이를 이용하여 식을 만들어보세요."
2,D,본문제,6,5단계에서 구한 [RED: x]의 값 35는 작은 자연수예요. 큰 자연수는 작은 자연수보다 1만큼 크므로 35에 1을 더해보세요.
2,D,유사문제1,1,문제의 마지막 문장에서 무엇을 구하라고 했는지 다시 확인해보세요.
2,D,유사문제1,2,"이 문제에서는 1단계에서 확인한 ‘구해야 하는 것’이 연속하는 두 자연수로 2개예요. 하지만 미지수 [RED: x]는 1개만 정해야 하므로, 두 자연수 중 작은 자연수를 [RED: x]로 정해보세요."
2,D,유사문제1,3,연속하는 두 자연수는 1씩 차이가 나요. 작은 자연수가 [RED: x]이면 큰 자연수는 [RED: x]에 1을 더해 나타내보세요.
2,D,유사문제1,4,"작은 자연수는 [RED: x], 큰 자연수는 [RED: x]+1이에요. 두 자연수를 더하면 57과 같아요. 이를 이용하여 식을 만들어보세요."
2,D,유사문제1,6,5단계에서 구한 [RED: x]의 값 28은 작은 자연수예요. 큰 자연수는 작은 자연수보다 1만큼 크므로 28에 1을 더해보세요.
2,E,본문제,1,문제의 마지막 문장에서 무엇을 구하라고 했는지 다시 확인해보세요.
2,E,본문제,2,이 문제에서는 1단계에서 확인한 ‘구해야 하는 것’을 [RED: x]로 정해보세요.
2,E,본문제,3,가로는 세로보다 17 cm 더 길어요. 세로의 길이가 [RED: x] cm이므로 [RED: x]에 17을 더해보세요.
2,E,본문제,4,"세로의 길이는 [RED: x], 가로의 길이는 [RED: x]+17 cm예요. 가로와 세로의 길이를 더하면 81과 같아요. 이를 이용하여 식을 만들어보세요."
2,E,본문제,6,5단계에서 구한 [RED: x]의 값이 바로 문제의 답이에요. 구한 값을 써보세요.
2,E,유사문제1,1,문제의 마지막 문장에서 무엇을 구하라고 했는지 다시 확인해보세요.
2,E,유사문제1,2,이 문제에서는 1단계에서 확인한 ‘구해야 하는 것’을 [RED: x]로 정해보세요.
2,E,유사문제1,3,가로는 세로보다 12 cm 더 길어요. 세로의 길이가 [RED: x] cm이므로 [RED: x]에 12를 더해보세요.
2,E,유사문제1,4,"세로의 길이는 [RED: x], 가로의 길이는 [RED: x]+12 cm예요. 가로와 세로의 길이를 더하면 52와 같아요. 이를 이용하여 식을 만들어보세요."
2,E,유사문제1,6,5단계에서 구한 [RED: x]의 값이 바로 문제의 답이에요. 구한 값을 써보세요.
3,A,본문제,1,문제의 마지막 문장에서 무엇을 구하라고 했는지 다시 확인해보세요.
3,A,본문제,2,이 문제에서는 1단계에서 확인한 ‘구해야 하는 것’을 [RED: x]로 정해보세요.
3,A,본문제,3,"2점 슛은 3점 슛의 3배보다 1개 더 많아요. 3점 슛의 개수가 [RED: x]개이므로, 2점 슛의 개수는 [RED: x]의 3배에 1을 더해보세요."
3,A,본문제,4,"3점 슛 [RED: x]개의 점수는 3[RED: x], 2점 슛 (3[RED: x]+1)개의 점수는 2(3[RED: x]+1)이에요. 두 점수를 더하면 38과 같아요. 이를 이용하여 식을 만들어보세요."
3,A,본문제,6,5단계에서 구한 [RED: x]의 값이 바로 문제의 답이에요. 구한 값을 써보세요.
3,A,유사문제1,1,문제의 마지막 문장에서 무엇을 구하라고 했는지 다시 확인해보세요.
3,A,유사문제1,2,이 문제에서는 1단계에서 확인한 ‘구해야 하는 것’을 [RED: x]로 정해보세요.
3,A,유사문제1,3,"2점 슛은 3점 슛의 2배보다 2개 더 많아요. 3점 슛의 개수가 [RED: x]개이므로, 2점 슛의 개수는 [RED: x]의 2배에 2를 더해보세요."
3,A,유사문제1,4,"3점 슛 [RED: x]개의 점수는 3[RED: x], 2점 슛 (2[RED: x]+2)개의 점수는 2(2[RED: x]+2)이에요. 두 점수를 더하면 32와 같아요. 이를 이용하여 식을 만들어보세요."
3,A,유사문제1,6,5단계에서 구한 [RED: x]의 값이 바로 문제의 답이에요. 구한 값을 써보세요.
3,B,본문제,1,문제의 마지막 문장에서 무엇을 구하라고 했는지 다시 확인해보세요.
3,B,본문제,2,이 문제에서는 1단계에서 확인한 ‘구해야 하는 것’을 [RED: x]로 정해보세요.
3,B,본문제,3,"[RED: x]개월 동안 저금한 금액은 ‘한 달에 저금하는 금액 × [RED: x]’로 구할 수 있어요. 
형의 저금액은 10000원에 ‘3000[RED: x]’를 더해보세요. 
동생의 저금액은 3000원에 ‘2000[RED: x]’를 더해보세요."
3,B,본문제,4,"[RED: x]개월 후 형의 저금액은 10000+3000[RED: x], 동생의 저금액은 3000+2000[RED: x]원이에요. 형의 저금액은 동생의 저금액의 2배와 같아요. 이를 이용하여 식을 만들어보세요."
3,B,본문제,6,5단계에서 구한 [RED: x]의 값이 바로 문제의 답이에요. 구한 값을 써보세요.
3,B,유사문제1,1,문제의 마지막 문장에서 무엇을 구하라고 했는지 다시 확인해보세요.
3,B,유사문제1,2,이 문제에서는 1단계에서 확인한 ‘구해야 하는 것’을 [RED: x]로 정해보세요.
3,B,유사문제1,3,"[RED: x]개월 동안 저금한 금액은 ‘한 달에 저금하는 금액 × [RED: x]’로 구할 수 있어요. 
누나의 저금액은 8000원에 ‘2500[RED: x]’를 더해보세요. 
동생의 저금액은 2000원에 ‘1500[RED: x]’를 더해보세요."
3,B,유사문제1,4,"[RED: x]개월 후 누나의 저금액은 8000+2500[RED: x], 동생의 저금액은 2000+1500[RED: x]원이에요. 누나의 저금액은 동생의 저금액의 2배와 같아요. 이를 이용하여 식을 만들어보세요."
3,B,유사문제1,6,5단계에서 구한 [RED: x]의 값이 바로 문제의 답이에요. 구한 값을 써보세요.
3,C,본문제,1,문제의 마지막 문장에서 무엇을 구하라고 했는지 다시 확인해보세요.
3,C,본문제,2,이 문제에서는 1단계에서 확인한 ‘구해야 하는 것’을 [RED: x]로 정해보세요.
3,C,본문제,3,"아버지의 나이는 아들의 나이의 4배예요. 아들의 나이가 [RED: x]살이므로, 아버지의 나이는 4와 [RED: x]를 곱해 나타내보세요."
3,C,본문제,4,"올해 아들의 나이는 [RED: x], 아버지의 나이는 4[RED: x]살이에요. 5년 후에는 각각 [RED: x]+5, 4[RED: x]+5살이 되고, 아버지의 나이는 아들의 나이의 3배와 같아요. 이를 이용하여 식을 만들어보세요."
3,C,본문제,6,5단계에서 구한 [RED: x]의 값이 바로 문제의 답이에요. 구한 값을 써보세요.
3,C,유사문제1,1,문제의 마지막 문장에서 무엇을 구하라고 했는지 다시 확인해보세요.
3,C,유사문제1,2,이 문제에서는 1단계에서 확인한 ‘구해야 하는 것’을 [RED: x]로 정해보세요.
3,C,유사문제1,3,"어머니의 나이는 딸의 나이의 4배예요. 딸의 나이가 [RED: x]살이므로, 어머니의 나이는 4와 [RED: x]를 곱해 나타내보세요."
3,C,유사문제1,4,"올해 딸의 나이는 [RED: x], 어머니의 나이는 4[RED: x]살이에요. 6년 후에는 각각 [RED: x]+6, 4[RED: x]+6살이 되고, 어머니의 나이는 딸의 나이의 3배와 같아요. 이를 이용하여 식을 만들어보세요."
3,C,유사문제1,6,5단계에서 구한 [RED: x]의 값이 바로 문제의 답이에요. 구한 값을 써보세요.
3,D,본문제,1,문제의 마지막 문장에서 무엇을 구하라고 했는지 다시 확인해보세요.
3,D,본문제,2,"이 문제에서는 1단계에서 확인한 ‘구해야 하는 것’이 연속하는 두 홀수로 2개예요. 하지만 미지수 [RED: x]는 1개만 정해야 하므로, 두 홀수 중 작은 홀수를 [RED: x]로 정해보세요."
3,D,본문제,3,연속하는 두 홀수는 2씩 차이가 나요. 작은 홀수가 [RED: x]이면 큰 홀수는 [RED: x]에 2를 더해 나타내보세요.
3,D,본문제,4,"연속하는 두 홀수 중 작은 홀수는 [RED: x], 큰 홀수는 [RED: x]+2예요. 두 홀수를 더하면 36과 같아요. 이를 이용하여 식을 만들어보세요."
3,D,본문제,6,5단계에서 구한 [RED: x]의 값 17은 작은 홀수예요. 큰 홀수는 작은 홀수보다 2만큼 크므로 17에 2를 더해보세요.
3,D,유사문제1,1,문제의 마지막 문장에서 무엇을 구하라고 했는지 다시 확인해보세요.
3,D,유사문제1,2,"이 문제에서는 1단계에서 확인한 ‘구해야 하는 것’이 연속하는 두 홀수로 2개예요. 하지만 미지수 [RED: x]는 1개만 정해야 하므로, 두 홀수 중 작은 홀수를 [RED: x]로 정해보세요."
3,D,유사문제1,3,연속하는 두 홀수는 2씩 차이가 나요. 작은 홀수가 [RED: x]이면 큰 홀수는 [RED: x]에 2를 더해 나타내보세요.
3,D,유사문제1,4,"연속하는 두 홀수 중 작은 홀수는 [RED: x], 큰 홀수는 [RED: x]+2예요. 두 홀수를 더하면 48과 같아요. 이를 이용하여 식을 만들어보세요."
3,D,유사문제1,6,5단계에서 구한 [RED: x]의 값 23은 작은 홀수예요. 큰 홀수는 작은 홀수보다 2만큼 크므로 23에 2를 더해보세요.
3,E,본문제,1,문제의 마지막 문장에서 무엇을 구하라고 했는지 다시 확인해보세요.
3,E,본문제,2,"이 문제에서는 1단계에서 확인한 ‘구해야 하는 것’이 가로의 길이예요. 하지만 가로의 길이는 세로의 길이의 2배보다 4 cm 짧다고 주어져 있어요. 세로의 길이를 알면 이 조건을 이용해 가로의 길이를 쉽게 구할 수 있으므로, 세로의 길이를 [RED: x]로 정해보세요."
3,E,본문제,3,"가로의 길이는 세로의 길이의 2배보다 4 cm 짧아요. 세로의 길이가 [RED: x] cm이므로, 가로의 길이는 [RED: x]의 2배에서 4를 빼서 나타내보세요."
3,E,본문제,4,"직사각형의 둘레가 34 cm이므로 가로와 세로의 길이의 합은 17 cm예요. 세로의 길이는 [RED: x], 가로의 길이는 2[RED: x]-4 cm이므로, 두 길이를 더하면 17과 같아요. 이를 이용하여 식을 만들어보세요."
3,E,본문제,6,5단계에서 구한 [RED: x]의 값 7은 직사각형의 세로 길이에요. 7을 직사각형의 가로 길이를 나타내는 식 2[RED: x]-4에 넣어 계산해보세요.
3,E,유사문제1,1,문제의 마지막 문장에서 무엇을 구하라고 했는지 다시 확인해보세요.
3,E,유사문제1,2,"이 문제에서는 1단계에서 확인한 ‘구해야 하는 것’이 가로의 길이예요. 하지만 가로의 길이는 세로의 길이의 2배보다 2 cm 짧다고 주어져 있어요. 세로의 길이를 알면 이 조건을 이용해 가로의 길이를 쉽게 구할 수 있으므로, 세로의 길이를 [RED: x]로 정해보세요."
3,E,유사문제1,3,"가로의 길이는 세로의 길이의 2배보다 2 cm 짧아요. 세로의 길이가 [RED: x] cm이므로, 가로의 길이는 [RED: x]의 2배에서 2를 빼서 나타내보세요."
3,E,유사문제1,4,"직사각형의 둘레가 50 cm이므로 가로와 세로의 길이의 합은 25 cm예요. 세로의 길이는 [RED: x], 가로의 길이는 2[RED: x]-2 cm이므로, 두 길이를 더하면 25와 같아요. 이를 이용하여 식을 만들어보세요."
3,E,유사문제1,6,5단계에서 구한 [RED: x]의 값 9는 직사각형의 세로 길이에요. 9를 직사각형의 가로 길이를 나타내는 식 2[RED: x]-2에 넣어 계산해보세요.
4,A,본문제,1,문제의 마지막 문장에서 무엇을 구하라고 했는지 다시 확인해보세요.
4,A,본문제,2,"이 문제에서는 1단계에서 확인한 ‘구해야 하는 것’이 두 자리 자연수 1개예요. 하지만 두 자리 자연수는 십의 자리 숫자와 일의 자리 숫자 2개로 이루어져 있어요. 십의 자리 숫자는 3이라고 알려주었으므로, 모르는 일의 자리 숫자를 [RED: x]로 정해보세요."
4,A,본문제,3,두 자리 자연수는 ‘십의 자리 숫자×10 + 일의 자리 숫자’로 나타내요. 십의 자리 숫자가 3이고 일의 자리 숫자가 [RED: x]인 두 자리 자연수를 식으로 나타내보세요.
4,A,본문제,4,처음 두 자리 자연수는 30+[RED: x]이에요. 십의 자리 숫자와 일의 자리 숫자를 바꾸면 10[RED: x]+3이 돼요. 바꾼 수 10[RED: x]+3은 처음 수 30+[RED: x]보다 36 큰 수와 같아요. 이를 이용하여 식을 만들어보세요.
4,A,본문제,6,"5단계에서 구한 [RED: x]의 값 7은 일의 자리 숫자예요. 십의 자리 숫자는 3이므로, 처음 두 자리 자연수를 만들어보세요."
4,A,유사문제1,1,문제의 마지막 문장에서 무엇을 구하라고 했는지 다시 확인해보세요.
4,A,유사문제1,2,"이 문제에서는 1단계에서 확인한 ‘구해야 하는 것’이 두 자리 자연수 1개예요. 하지만 두 자리 자연수는 십의 자리 숫자와 일의 자리 숫자 2개로 이루어져 있어요. 십의 자리 숫자는 4라고 알려주었으므로, 모르는 일의 자리 숫자를 [RED: x]로 정해보세요."
4,A,유사문제1,3,두 자리 자연수는 ‘십의 자리 숫자×10 + 일의 자리 숫자’로 나타내요. 십의 자리 숫자가 4이고 일의 자리 숫자가 [RED: x]인 두 자리 자연수를 식으로 나타내보세요.
4,A,유사문제1,4,처음 두 자리 자연수는 40+[RED: x]이에요. 십의 자리 숫자와 일의 자리 숫자를 바꾸면 10[RED: x]+4가 돼요. 바꾼 수 10[RED: x]+4는 처음 수 40+[RED: x]보다 27 큰 수와 같아요. 이를 이용하여 식을 만들어보세요.
4,A,유사문제1,6,"5단계에서 구한 [RED: x]의 값 7은 일의 자리 숫자예요. 십의 자리 숫자는 4이므로, 처음 두 자리 자연수를 만들어보세요."
4,B,본문제,1,문제의 마지막 문장에서 무엇을 구하라고 했는지 다시 확인해보세요.
4,B,본문제,2,이 문제에서는 1단계에서 확인한 ‘구해야 하는 것’을 [RED: x]로 정해보세요.
4,B,본문제,3,가로는 처음 4 cm에서 5 cm 늘어났으므로 4+5로 구해요. 세로는 처음 6 cm에서 [RED: x] cm 늘어났으므로 6에 [RED: x]를 더해 나타내보세요. ‘직사각형의 넓이 = 가로×세로’ 공식을 이용해요.
4,B,본문제,4,"늘린 직사각형의 넓이는 9(6+[RED: x])이고, 처음 직사각형의 넓이는 24예요. 늘린 직사각형의 넓이 9(6+[RED: x])는 처음 직사각형의 넓이 24의 3배와 같아요. 이를 이용하여 식을 만들어보세요."
4,B,본문제,6,5단계에서 구한 [RED: x]의 값이 바로 문제의 답이에요. 구한 값을 써보세요.
4,B,유사문제1,1,문제의 마지막 문장에서 무엇을 구하라고 했는지 다시 확인해보세요.
4,B,유사문제1,2,이 문제에서는 1단계에서 확인한 ‘구해야 하는 것’을 [RED: x]로 정해보세요.
4,B,유사문제1,3,가로는 처음 4 cm에서 2 cm 늘어났으므로 4+2로 구해요. 세로는 처음 4 cm에서 [RED: x] cm 늘어났으므로 4에 [RED: x]를 더해 나타내보세요. ‘직사각형의 넓이 = 가로×세로’ 공식을 이용해요.
4,B,유사문제1,4,"늘린 직사각형의 넓이는 6(4+[RED: x])이고, 처음 직사각형의 넓이는 16이에요. 늘린 직사각형의 넓이 6(4+[RED: x])는 처음 직사각형의 넓이 16의 3배와 같아요. 이를 이용하여 식을 만들어보세요."
4,B,유사문제1,6,5단계에서 구한 [RED: x]의 값이 바로 문제의 답이에요. 구한 값을 써보세요.
4,C,본문제,1,문제의 마지막 문장에서 무엇을 구하라고 했는지 다시 확인해보세요.
4,C,본문제,2,이 문제에서는 1단계에서 확인한 ‘구해야 하는 것’을 [RED: x]로 정해보세요.
4,C,본문제,3,"‘시간 = 거리÷속력’ 공식을 이용해요. 거리가 [RED: x] km이고 갈 때 속력이 시속 2 km이므로, 걸린 시간은 [RED: x]÷2로 구해요. 올 때 속력은 시속 3 km이므로, 걸린 시간은 [RED: x]÷3으로 구해요. 각각 분수로 나타내보세요."
4,C,본문제,4,"시속 2 km로 갈 때 걸린 시간은 [RED: x]/2, 시속 3 km로 올 때 걸린 시간은 [RED: x]/3이에요. 갈 때 걸린 시간과 올 때 걸린 시간을 더하면 5와 같아요. 이를 이용하여 식을 만들어보세요."
4,C,본문제,6,5단계에서 구한 [RED: x]의 값이 바로 문제의 답이에요. 구한 값을 써보세요.
4,C,유사문제1,1,문제의 마지막 문장에서 무엇을 구하라고 했는지 다시 확인해보세요.
4,C,유사문제1,2,이 문제에서는 1단계에서 확인한 ‘구해야 하는 것’을 [RED: x]로 정해보세요.
4,C,유사문제1,3,"‘시간 = 거리÷속력’ 공식을 이용해요. 거리가 [RED: x] km이고 갈 때 속력이 시속 3 km이므로, 걸린 시간은 [RED: x]÷3으로 구해요. 올 때 속력은 시속 6 km이므로, 걸린 시간은 [RED: x]÷6으로 구해요. 각각 분수로 나타내보세요."
4,C,유사문제1,4,"시속 3 km로 갈 때 걸린 시간은 [RED: x]/3, 시속 6 km로 올 때 걸린 시간은 [RED: x]/6이에요. 갈 때 걸린 시간과 올 때 걸린 시간을 더하면 3과 같아요. 이를 이용하여 식을 만들어보세요."
4,C,유사문제1,6,5단계에서 구한 [RED: x]의 값이 바로 문제의 답이에요. 구한 값을 써보세요.
4,D,본문제,1,문제의 마지막 문장에서 무엇을 구하라고 했는지 다시 확인해보세요.
4,D,본문제,2,이 문제에서는 1단계에서 확인한 ‘구해야 하는 것’을 [RED: x]로 정해보세요.
4,D,본문제,3,"‘시간 = 거리÷속력’ 공식을 이용해요. 집에서 공원까지의 거리가 [RED: x] km이고 갈 때 속력이 시속 4 km이므로, 걸린 시간은 [RED: x]÷4로 구해요. 올 때 속력은 시속 3 km이므로, 걸린 시간은 [RED: x]÷3으로 구해요. 각각 분수로 나타내보세요."
4,D,본문제,4,"속력이 시속으로 주어졌으므로 시간의 단위를 ‘분’이 아닌 ‘시간’으로 통일해야 해요. 그래서 1시간 10분을 시간 단위로 바꾸면 7/6시간이에요. 시속 4 km로 갈 때 걸린 시간은 [RED: x]/4, 시속 3 km로 올 때 걸린 시간은 [RED: x]/3이에요. 갈 때 걸린 시간과 올 때 걸린 시간을 더하면 7/6과 같아요. 이를 이용하여 식을 만들어보세요."
4,D,본문제,6,5단계에서 구한 [RED: x]의 값이 바로 문제의 답이에요. 구한 값을 써보세요.
4,D,유사문제1,1,문제의 마지막 문장에서 무엇을 구하라고 했는지 다시 확인해보세요.
4,D,유사문제1,2,이 문제에서는 1단계에서 확인한 ‘구해야 하는 것’을 [RED: x]로 정해보세요.
4,D,유사문제1,3,"‘시간 = 거리÷속력’ 공식을 이용해요. 학교에서 체육관까지의 거리가 [RED: x] km이고 갈 때 속력이 시속 5 km이므로, 걸린 시간은 [RED: x]÷5로 구해요. 올 때 속력은 시속 4 km이므로, 걸린 시간은 [RED: x]÷4로 구해요. 각각 분수로 나타내보세요."
4,D,유사문제1,4,"속력이 시속으로 주어졌으므로 시간의 단위를 ‘분’이 아닌 ‘시간’으로 통일해야 해요. 그래서 1시간 48분을 시간 단위로 바꾸면 9/5시간이에요. 시속 5 km로 갈 때 걸린 시간은 [RED: x]/5, 시속 4 km로 올 때 걸린 시간은 [RED: x]/4이에요. 갈 때 걸린 시간과 올 때 걸린 시간을 더하면 9/5와 같아요. 이를 이용하여 식을 만들어보세요."
4,D,유사문제1,6,5단계에서 구한 [RED: x]의 값이 바로 문제의 답이에요. 구한 값을 써보세요.
4,E,본문제,1,문제의 마지막 문장에서 무엇을 구하라고 했는지 다시 확인해보세요.
4,E,본문제,2,이 문제에서는 1단계에서 확인한 ‘구해야 하는 것’을 [RED: x]로 정해보세요.
4,E,본문제,3,"전체 거리 8 km에서 달린 거리 [RED: x] km를 빼면 걸은 거리는 (8-[RED: x]) km예요. 그다음 ‘시간 = 거리÷속력’ 공식을 이용해요. 시속 5 km로 (8-[RED: x]) km 걸었을 때 걸린 시간은 (8-[RED: x])÷5, 시속 6 km로 [RED: x] km 달렸을 때 걸린 시간은 [RED: x]÷6으로 구해요. 각각 분수로 나타내보세요."
4,E,본문제,4,"속력이 시속으로 주어졌으므로 시간의 단위를 ‘분’이 아닌 ‘시간’으로 통일해야 해요. 그래서 1시간 30분을 시간 단위로 바꾸면 3/2시간이에요. 시속 5 km로 걸을 때 걸린 시간은 (8-[RED: x])/5, 시속 6 km로 달릴 때 걸린 시간은 [RED: x]/6이에요. 걸을 때 걸린 시간과 달릴 때 걸린 시간을 더하면 3/2과 같아요. 이를 이용하여 식을 만들어보세요."
4,E,본문제,6,5단계에서 구한 [RED: x]의 값이 바로 문제의 답이에요. 구한 값을 써보세요.
4,E,유사문제1,1,문제의 마지막 문장에서 무엇을 구하라고 했는지 다시 확인해보세요.
4,E,유사문제1,2,이 문제에서는 1단계에서 확인한 ‘구해야 하는 것’을 [RED: x]로 정해보세요.
4,E,유사문제1,3,"전체 거리 10 km에서 달린 거리 [RED: x] km를 빼면 걸은 거리는 (10-[RED: x]) km예요. 그다음 ‘시간 = 거리÷속력’ 공식을 이용해요. 시속 4 km로 (10-[RED: x]) km 걸었을 때 걸린 시간은 (10-[RED: x])÷4, 시속 6 km로 [RED: x] km 달렸을 때 걸린 시간은 [RED: x]÷6으로 구해요. 각각 분수로 나타내보세요."
4,E,유사문제1,4,"시속 4 km로 걸을 때 걸린 시간은 (10-[RED: x])/4, 시속 6 km로 달릴 때 걸린 시간은 [RED: x]/6이에요. 걸을 때 걸린 시간과 달릴 때 걸린 시간을 더하면 2와 같아요. 이를 이용하여 식을 만들어보세요."
4,E,유사문제1,6,5단계에서 구한 [RED: x]의 값이 바로 문제의 답이에요. 구한 값을 써보세요.
5,A,본문제,1,문제의 마지막 문장에서 무엇을 구하라고 했는지 다시 확인해보세요.
5,A,본문제,2,이 문제에서는 1단계에서 확인한 ‘구해야 하는 것’을 [RED: x]로 정해보세요.
5,A,본문제,3,"학생 수가 [RED: x]명이에요. 한 사람에게 사탕을 4개씩 주고 7개가 남으면, 전체 사탕 수는 4[RED: x]에 7을 더해서 나타내보세요. 한 사람에게 사탕을 5개씩 주고 3개가 부족하면, 전체 사탕 수는 5[RED: x]에서 3을 빼서 나타내보세요."
5,A,본문제,4,"한 학생에게 사탕을 4개씩 주면 7개가 남는 경우의 사탕 수는 4[RED: x]+7, 5개씩 주면 3개가 부족한 경우의 사탕 수는 5[RED: x]-3이에요. 배부 방식에 상관없이 전체 사탕 수 4[RED: x]+7과 5[RED: x]-3은 같아요. 이를 이용하여 식을 만들어보세요."
5,A,본문제,6,5단계에서 구한 [RED: x]의 값이 바로 문제의 답이에요. 구한 값을 써보세요.
5,A,유사문제1,1,문제의 마지막 문장에서 무엇을 구하라고 했는지 다시 확인해보세요.
5,A,유사문제1,2,이 문제에서는 1단계에서 확인한 ‘구해야 하는 것’을 [RED: x]로 정해보세요.
5,A,유사문제1,3,"학생 수가 [RED: x]명이에요. 한 사람에게 초콜릿을 3개씩 주고 8개가 남으면, 전체 초콜릿 수는 3[RED: x]에 8을 더해서 나타내보세요. 한 사람에게 초콜릿을 4개씩 주고 2개가 부족하면, 전체 초콜릿 수는 4[RED: x]에서 2를 빼서 나타내보세요."
5,A,유사문제1,4,"한 학생에게 초콜릿을 3개씩 주면 8개가 남는 경우의 초콜릿 수는 3[RED: x]+8, 4개씩 주면 2개가 부족한 경우의 초콜릿 수는 4[RED: x]-2예요. 배부 방식에 상관없이 전체 초콜릿 수 3[RED: x]+8과 4[RED: x]-2는 같아요. 이를 이용하여 식을 만들어보세요."
5,A,유사문제1,6,5단계에서 구한 [RED: x]의 값이 바로 문제의 답이에요. 구한 값을 써보세요.
5,B,본문제,1,문제의 마지막 문장에서 무엇을 구하라고 했는지 다시 확인해보세요.
5,B,본문제,2,이 문제에서는 1단계에서 확인한 ‘구해야 하는 것’을 [RED: x]로 정해보세요.
5,B,본문제,3,"‘시간 = 거리÷속력’ 공식을 이용해요. 집과 도서관 사이의 거리가 [RED: x] km이므로, 시속 3 km로 갈 때 걸린 시간은 [RED: x]÷3, 시속 4 km로 올 때 걸린 시간은 [RED: x]÷4로 구해요. 각각 분수로 나타내보세요."
5,B,본문제,4,속력이 시속으로 주어졌으므로 20분을 시간으로 바꾸면 1/3시간이에요. 시속 3 km로 갈 때 걸린 시간 [RED: x]/3은 시속 4 km로 올 때 걸린 시간 [RED: x]/4보다 1/3시간 더 길어요. 이를 이용하여 식을 만들어보세요.
5,B,본문제,6,5단계에서 구한 [RED: x]의 값이 바로 문제의 답이에요. 구한 값을 써보세요.
5,B,유사문제1,1,문제의 마지막 문장에서 무엇을 구하라고 했는지 다시 확인해보세요.
5,B,유사문제1,2,이 문제에서는 1단계에서 확인한 ‘구해야 하는 것’을 [RED: x]로 정해보세요.
5,B,유사문제1,3,"‘시간 = 거리÷속력’ 공식을 이용해요. 집과 체육관 사이의 거리가 [RED: x] km이므로, 시속 4 km로 갈 때 걸린 시간은 [RED: x]÷4, 시속 6 km로 올 때 걸린 시간은 [RED: x]÷6으로 구해요. 각각 분수로 나타내보세요."
5,B,유사문제1,4,속력이 시속으로 주어졌으므로 20분을 시간으로 바꾸면 1/3시간이에요. 시속 4 km로 갈 때 걸린 시간 [RED: x]/4는 시속 6 km로 올 때 걸린 시간 [RED: x]/6보다 1/3시간 더 길어요. 이를 이용하여 식을 만들어보세요.
5,B,유사문제1,6,5단계에서 구한 [RED: x]의 값이 바로 문제의 답이에요. 구한 값을 써보세요.
5,C,본문제,1,문제의 마지막 문장에서 무엇을 구하라고 했는지 다시 확인해보세요.
5,C,본문제,2,"이 문제에서는 1단계에서 확인한 ‘구해야 하는 것’이 전체 학생 수예요. 하지만 문제에서는 학생을 한 방에 6명씩 배정하면 4명이 남는다는 조건이 주어져 있어요. 방의 개수를 알면 이 조건을 이용해 전체 학생 수를 쉽게 구할 수 있으므로, 사용한 방의 개수를 [RED: x]로 정해보세요."
5,C,본문제,3,"방의 개수가 [RED: x]개예요. 한 방에 6명씩 배정하고 4명이 남으면, 전체 학생 수는 6[RED: x]에 4를 더해서 나타내보세요. 한 방에 7명씩 배정할 때는 방을 1개 적게 사용하고 5명이 남으므로, 전체 학생 수는 7([RED: x]-1)에 5를 더해서 나타내보세요."
5,C,본문제,4,"한 방에 6명씩 배정하고 4명이 남는 경우의 전체 학생 수는 6[RED: x]+4, 한 방에 7명씩 배정하고 5명이 남으며 방을 1개 적게 사용하는 경우의 전체 학생 수는 7([RED: x]-1)+5예요. 배정 방식에 상관없이 전체 학생 수 6[RED: x]+4와 7([RED: x]-1)+5는 같아요. 이를 이용하여 식을 만들어보세요."
5,C,본문제,6,5단계에서 구한 [RED: x]의 값 6은 방의 개수예요. 6을 전체 학생 수를 나타내는 식 6[RED: x]+4에 넣어 계산해보세요.
5,C,유사문제1,1,문제의 마지막 문장에서 무엇을 구하라고 했는지 다시 확인해보세요.
5,C,유사문제1,2,"이 문제에서는 1단계에서 확인한 ‘구해야 하는 것’이 전체 학생 수예요. 하지만 문제에서는 학생을 한 방에 5명씩 배정하면 3명이 남는다는 조건이 주어져 있어요. 방의 개수를 알면 이 조건을 이용해 전체 학생 수를 쉽게 구할 수 있으므로, 사용한 방의 개수를 [RED: x]로 정해보세요."
5,C,유사문제1,3,"방의 개수가 [RED: x]개예요. 한 방에 5명씩 배정하고 3명이 남으면, 전체 학생 수는 5[RED: x]에 3을 더해서 나타내보세요. 한 방에 6명씩 배정할 때는 방을 1개 적게 사용하고 4명이 남으므로, 전체 학생 수는 6([RED: x]-1)에 4를 더해서 나타내보세요."
5,C,유사문제1,4,"한 방에 5명씩 배정하고 3명이 남는 경우의 전체 학생 수는 5[RED: x]+3, 한 방에 6명씩 배정하고 4명이 남으며 방을 1개 적게 사용하는 경우의 전체 학생 수는 6([RED: x]-1)+4예요. 배정 방식에 상관없이 전체 학생 수 5[RED: x]+3과 6([RED: x]-1)+4는 같아요. 이를 이용하여 식을 만들어보세요."
5,C,유사문제1,6,5단계에서 구한 [RED: x]의 값 5는 방의 개수예요. 5를 전체 학생 수를 나타내는 식 5[RED: x]+3에 넣어 계산해보세요.
5,D,본문제,1,문제의 마지막 문장에서 무엇을 구하라고 했는지 다시 확인해보세요.
5,D,본문제,2,이 문제에서는 1단계에서 확인한 ‘구해야 하는 것’을 [RED: x]로 정해보세요.
5,D,본문제,3,"동생이 형보다 20분 먼저 출발했으므로, 동생이 걸은 시간은 형이 걸은 [RED: x]시간보다 20분 더 길어요. 20분을 시간 단위로 바꾼 뒤 [RED: x]에 더해보세요."
5,D,본문제,4,"형이 이동한 시간은 [RED: x]시간, 동생이 이동한 시간은 [RED: x]+1/3시간이에요. ‘거리 = 속력×시간’ 공식을 이용하면, 형이 이동한 거리는 6[RED: x], 동생이 이동한 거리는 4([RED: x]+1/3)이에요. 두 사람이 만났으므로 두 사람이 이동한 거리는 같아요. 이를 이용하여 식을 만들어보세요."
5,D,본문제,6,5단계에서 구한 [RED: x]의 값이 바로 문제의 답이에요. 구한 값을 써보세요.
5,D,유사문제1,1,문제의 마지막 문장에서 무엇을 구하라고 했는지 다시 확인해보세요.
5,D,유사문제1,2,이 문제에서는 1단계에서 확인한 ‘구해야 하는 것’을 [RED: x]로 정해보세요.
5,D,유사문제1,3,"동생이 형보다 30분 먼저 출발했으므로, 동생이 걸은 시간은 형이 걸은 [RED: x]시간보다 30분 더 길어요. 30분을 시간 단위로 바꾼 뒤 [RED: x]에 더해보세요."
5,D,유사문제1,4,"형이 이동한 시간은 [RED: x]시간, 동생이 이동한 시간은 [RED: x]+1/2시간이에요. ‘거리 = 속력×시간’ 공식을 이용하면, 형이 이동한 거리는 6[RED: x], 동생이 이동한 거리는 3([RED: x]+1/2)이에요. 두 사람이 만났으므로 두 사람이 이동한 거리는 같아요. 이를 이용하여 식을 만들어보세요."
5,D,유사문제1,6,5단계에서 구한 [RED: x]의 값이 바로 문제의 답이에요. 구한 값을 써보세요.
5,E,본문제,1,문제의 마지막 문장에서 무엇을 구하라고 했는지 다시 확인해보세요.
5,E,본문제,2,"이 문제에서는 1단계에서 확인한 ‘구해야 하는 것’이 지역 C에 사는 학생 수예요. 하지만 지역 C에 사는 학생 수는 전체 학생 수의 3/10이라고 주어져 있어요. 전체 학생 수를 알면 이 조건을 이용해 지역 C에 사는 학생 수를 쉽게 구할 수 있으므로, 전체 학생 수를 [RED: x]로 정해보세요."
5,E,본문제,3,"전체 학생 수가 [RED: x]명이에요. 지역 A 학생 수는 전체의 1/4, 지역 B 학생 수는 전체의 1/5, 지역 C 학생 수는 전체의 3/10이에요. 각각 [RED: x]에 해당 분수를 곱해서 나타내보세요."
5,E,본문제,4,"지역 A의 학생 수는 1/4×[RED: x], 지역 B의 학생 수는 1/5×[RED: x], 지역 C의 학생 수는 3/10×[RED: x], 지역 D의 학생 수는 5명이에요. 네 지역의 학생 수를 모두 더하면 전체 학생 수 [RED: x]와 같아요. 이를 이용하여 식을 만들어보세요."
5,E,본문제,6,5단계에서 구한 [RED: x]의 값 20은 전체 학생 수예요. 20을 지역 C의 학생 수를 나타내는 식 3/10×[RED: x]에 넣어 계산해보세요.
5,E,유사문제1,1,문제의 마지막 문장에서 무엇을 구하라고 했는지 다시 확인해보세요.
5,E,유사문제1,2,"이 문제에서는 1단계에서 확인한 ‘구해야 하는 것’이 지역 C에 사는 학생 수예요. 하지만 지역 C에 사는 학생 수는 전체 학생 수의 1/6이라고 주어져 있어요. 전체 학생 수를 알면 이 조건을 이용해 지역 C에 사는 학생 수를 쉽게 구할 수 있으므로, 전체 학생 수를 [RED: x]로 정해보세요."
5,E,유사문제1,3,"전체 학생 수가 [RED: x]명이에요. 지역 A 학생 수는 전체의 1/3, 지역 B 학생 수는 전체의 1/4, 지역 C 학생 수는 전체의 1/6이에요. 각각 [RED: x]에 해당 분수를 곱해서 나타내보세요."
5,E,유사문제1,4,"지역 A의 학생 수는 1/3×[RED: x], 지역 B의 학생 수는 1/4×[RED: x], 지역 C의 학생 수는 1/6×[RED: x], 지역 D의 학생 수는 6명이에요. 네 지역의 학생 수를 모두 더하면 전체 학생 수 [RED: x]와 같아요. 이를 이용하여 식을 만들어보세요."
5,E,유사문제1,6,5단계에서 구한 [RED: x]의 값 24는 전체 학생 수예요. 24를 지역 C의 학생 수를 나타내는 식 1/6×[RED: x]에 넣어 계산해보세요.
6,A,본문제,1,문제의 마지막 문장에서 무엇을 구하라고 했는지 다시 확인해보세요.
6,A,본문제,2,이 문제에서는 1단계에서 확인한 ‘구해야 하는 것’을 [RED: x]로 정해보세요.
6,A,본문제,3,"‘거리 = 속력×시간’ 공식을 이용해요. 두 사람이 다시 만나는 데 걸린 시간이 [RED: x]분이에요. 
지호는 분속 80 m로 걸으므로 지호가 간 거리는 80[RED: x]로 나타내보세요. 
세은이는 분속 60 m로 걸으므로 세은이가 간 거리는 60[RED: x]로 나타내보세요."
6,A,본문제,4,"속력이 분속 80 m로 주어졌으므로 거리의 단위를 m로 통일하면 1 km는 1000 m예요.

지호가 걸은 거리는 80[RED: x], 세은이가 걸은 거리는 60[RED: x]예요.

지호가 더 빨리 걷기 때문에, 처음으로 다시 만날 때 지호가 걸은 거리는 세은이가 걸은 거리보다 산책로 한 바퀴의 길이 1000 m만큼 더 길어요. 이를 이용하여 식을 만들어보세요."
6,A,본문제,6,5단계에서 구한 [RED: x]의 값이 바로 문제의 답이에요. 구한 값을 써보세요.
6,A,유사문제1,1,문제의 마지막 문장에서 무엇을 구하라고 했는지 다시 확인해보세요.
6,A,유사문제1,2,이 문제에서는 1단계에서 확인한 ‘구해야 하는 것’을 [RED: x]로 정해보세요.
6,A,유사문제1,3,"‘거리 = 속력×시간’ 공식을 이용해요. 두 사람이 다시 만나는 데 걸린 시간이 [RED: x]분이에요. 
도윤이는 분속 90 m로 걸으므로 도윤이가 간 거리는 90[RED: x]로 나타내보세요. 
서아는 분속 60 m로 걸으므로 서아가 간 거리는 60[RED: x]로 나타내보세요."
6,A,유사문제1,4,"도윤이가 걸은 거리는 90[RED: x], 서아가 걸은 거리는 60[RED: x]예요.

도윤이가 더 빨리 걷기 때문에, 처음으로 다시 만날 때 도윤이가 걸은 거리는 서아가 걸은 거리보다 산책로 한 바퀴의 길이 900 m만큼 더 길어요. 이를 이용하여 식을 만들어보세요."
6,A,유사문제1,6,5단계에서 구한 [RED: x]의 값이 바로 문제의 답이에요. 구한 값을 써보세요.
6,B,본문제,1,문제의 마지막 문장에서 무엇을 구하라고 했는지 다시 확인해보세요.
6,B,본문제,2,이 문제에서는 1단계에서 확인한 ‘구해야 하는 것’을 [RED: x]로 정해보세요.
6,B,본문제,3,‘거리 = 속력×시간’ 공식을 이용해요. 두 사람이 만나는 데 걸린 시간이 [RED: x]분이에요. 현주는 분속 70 m로 걸으므로 현주가 간 거리는 70[RED: x]로 나타내보세요. 진수는 분속 50 m로 걸으므로 진수가 간 거리는 50[RED: x]로 나타내보세요.
6,B,본문제,4,"속력이 분속으로 주어졌으므로 거리의 단위를 m로 통일하면 2.4 km는 2400 m예요.

현주가 걸은 거리는 70[RED: x], 진수가 걸은 거리는 50[RED: x]예요.

두 사람이 서로 마주 보며 걷다가 만나므로 현주가 걸은 거리와 진수가 걸은 거리를 더하면 2400과 같아요. 이를 이용하여 식을 만들어보세요."
6,B,본문제,6,5단계에서 구한 [RED: x]의 값이 바로 문제의 답이에요. 구한 값을 써보세요.
6,B,유사문제1,1,문제의 마지막 문장에서 무엇을 구하라고 했는지 다시 확인해보세요.
6,B,유사문제1,2,이 문제에서는 1단계에서 확인한 ‘구해야 하는 것’을 [RED: x]로 정해보세요.
6,B,유사문제1,3,‘거리 = 속력×시간’ 공식을 이용해요. 두 사람이 만나는 데 걸린 시간이 [RED: x]분이에요. 유나는 분속 70 m로 걸으므로 유나가 간 거리는 70[RED: x]로 나타내보세요. 지훈이는 분속 50 m로 걸으므로 지훈이가 간 거리는 50[RED: x]로 나타내보세요.
6,B,유사문제1,4,"속력이 분속으로 주어졌으므로 거리의 단위를 m로 통일하면 1.8 km는 1800 m예요.

유나가 걸은 거리는 70[RED: x], 지훈이가 걸은 거리는 50[RED: x]예요.

두 사람이 서로 마주 보며 걷다가 만나므로 유나가 걸은 거리와 지훈이가 걸은 거리를 더하면 1800과 같아요. 이를 이용하여 식을 만들어보세요."
6,B,유사문제1,6,5단계에서 구한 [RED: x]의 값이 바로 문제의 답이에요. 구한 값을 써보세요.
6,C,본문제,1,문제의 마지막 문장에서 무엇을 구하라고 했는지 다시 확인해보세요.
6,C,본문제,2,이 문제에서는 1단계에서 확인한 ‘구해야 하는 것’을 [RED: x]로 정해보세요.
6,C,본문제,3,"‘속력 = 거리÷시간’ 공식을 이용해요. 기차가 터널을 완전히 빠져나가려면 ‘기차의 길이와 터널의 길이를 합한 거리’를 이동해야 해요. 
길이가 480 m인 터널을 완전히 통과할 때 속력은 (480+[RED: x]) m를 36초로 나누어 구해보세요. 
길이가 120 m인 다리를 완전히 통과할 때 속력은 (120+[RED: x]) m를 12초로 나누어 구해보세요."
6,C,본문제,4,"터널을 완전히 빠져나갈 때의 기차 속력은 ([RED: x]+480)/36, 다리를 완전히 빠져나갈 때의 기차 속력은 ([RED: x]+120)/12예요.

기차는 일정한 속력으로 달리므로 두 속력은 같아요. 이를 이용하여 식을 만들어보세요."
6,C,본문제,6,5단계에서 구한 [RED: x]의 값이 바로 문제의 답이에요. 구한 값을 써보세요.
6,C,유사문제1,1,문제의 마지막 문장에서 무엇을 구하라고 했는지 다시 확인해보세요.
6,C,유사문제1,2,이 문제에서는 1단계에서 확인한 ‘구해야 하는 것’을 [RED: x]로 정해보세요.
6,C,유사문제1,3,"‘속력 = 거리÷시간’ 공식을 이용해요. 기차가 터널을 완전히 빠져나가려면 ‘기차의 길이와 터널의 길이를 합한 거리’를 이동해야 해요. 
길이가 500 m인 터널을 완전히 통과할 때 속력은 (500+[RED: x]) m를 35초로 나누어 구해보세요. 
길이가 140 m인 다리를 완전히 통과할 때 속력은 (140+[RED: x]) m를 15초로 나누어 구해보세요."
6,C,유사문제1,4,"터널을 완전히 빠져나갈 때의 기차 속력은 ([RED: x]+500)/35, 다리를 완전히 빠져나갈 때의 기차 속력은 ([RED: x]+140)/15예요.

기차는 일정한 속력으로 달리므로 두 속력은 같아요. 이를 이용하여 식을 만들어보세요."
6,C,유사문제1,6,5단계에서 구한 [RED: x]의 값이 바로 문제의 답이에요. 구한 값을 써보세요.
6,D,본문제,1,문제의 마지막 문장에서 무엇을 구하라고 했는지 다시 확인해보세요.
6,D,본문제,2,"이 문제에서는 1단계에서 확인한 ‘구해야 하는 것’이 올해 남학생 수예요. 하지만 올해 남학생 수는 작년 남학생 수보다 5% 증가했다고 주어져 있어요. 작년 남학생 수를 알면 이 조건을 이용해 올해 남학생 수를 쉽게 구할 수 있으므로, 작년 남학생 수를 [RED: x]로 정해보세요."
6,D,본문제,3,"작년 전체 학생 수는 400명이고 작년 남학생 수는 [RED: x]명이므로, 작년 여학생 수는 400에서 [RED: x]를 빼서 나타내보세요. 
작년보다 늘어난 남학생 수는 작년 남학생 수의 5%이므로 [RED: x]에 0.05를 곱해서 나타내보세요. 
작년보다 줄어든 여학생 수는 작년 여학생 수의 3%이므로 (400-[RED: x])에 0.03을 곱해서 나타내보세요."
6,D,본문제,4,"작년보다 늘어난 남학생 수는 0.05[RED: x], 작년보다 줄어든 여학생 수는 0.03(400-[RED: x])명이에요.

늘어난 학생 수만큼 더하고, 줄어든 학생 수만큼 빼서 계산한 학생 수의 변화는 4명 증가와 같아요. 이를 이용하여 식을 만들어보세요."
6,D,본문제,6,"5단계에서 구한 [RED: x]의 값 200은 작년 남학생 수예요. 올해 남학생 수는 작년 남학생 수에 늘어난 남학생 수를 더해서 구할 수 있어요. 늘어난 남학생 수를 나타내는 식 0.05[RED: x]에 200을 넣어 계산한 후, 작년 남학생 수 200에 더해보세요."
6,D,유사문제1,1,문제의 마지막 문장에서 무엇을 구하라고 했는지 다시 확인해보세요.
6,D,유사문제1,2,"이 문제에서는 1단계에서 확인한 ‘구해야 하는 것’이 올해 남학생 수예요. 하지만 올해 남학생 수는 작년 남학생 수보다 6% 증가했다고 주어져 있어요. 작년 남학생 수를 알면 이 조건을 이용해 올해 남학생 수를 쉽게 구할 수 있으므로, 작년 남학생 수를 [RED: x]로 정해보세요."
6,D,유사문제1,3,"작년 전체 학생 수는 500명이고 작년 남학생 수는 [RED: x]명이므로, 작년 여학생 수는 500에서 [RED: x]를 빼서 나타내보세요. 
작년보다 늘어난 남학생 수는 작년 남학생 수의 6%이므로 [RED: x]에 0.06을 곱해서 나타내보세요. 
작년보다 줄어든 여학생 수는 작년 여학생 수의 2%이므로 (500-[RED: x])에 0.02를 곱해서 나타내보세요."
6,D,유사문제1,4,"작년보다 늘어난 남학생 수는 0.06[RED: x], 작년보다 줄어든 여학생 수는 0.02(500-[RED: x])명이에요.

늘어난 학생 수만큼 더하고, 줄어든 학생 수만큼 빼서 계산한 학생 수의 변화는 10명 증가와 같아요. 이를 이용하여 식을 만들어보세요."
6,D,유사문제1,6,"5단계에서 구한 [RED: x]의 값 250은 작년 남학생 수예요. 올해 남학생 수는 작년 남학생 수에 늘어난 남학생 수를 더해서 구할 수 있어요. 늘어난 남학생 수를 나타내는 식 0.06[RED: x]에 250을 넣어 계산한 후, 작년 남학생 수 250에 더해보세요."
6,E,본문제,1,문제의 마지막 문장에서 무엇을 구하라고 했는지 다시 확인해보세요.
6,E,본문제,2,이 문제에서는 1단계에서 확인한 ‘구해야 하는 것’을 [RED: x]로 정해보세요.
6,E,본문제,3,"전체 일의 양은 1이에요. 
은지는 혼자 12일 동안 일하면 전체 일을 완성하므로, 은지가 하루에 할 수 있는 일의 양은 1을 12로 나누어 구해보세요. 
미희는 혼자 18일 동안 일하면 전체 일을 완성하므로, 미희가 하루에 할 수 있는 일의 양은 1을 18로 나누어 구해보세요."
6,E,본문제,4,"은지가 하루에 할 수 있는 일의 양은 1/12, 미희가 하루에 할 수 있는 일의 양은 1/18이에요. 은지가 [RED: x]일 동안 한 일의 양은 1/12×[RED: x]이고, 미희는 은지보다 3일 더 일하므로 미희가 한 일의 양은 1/18×([RED: x]+3)이에요.

두 사람이 한 일의 양을 더하면 전체 일의 양 1과 같아요. 이를 이용하여 식을 만들어보세요."
6,E,본문제,6,5단계에서 구한 [RED: x]의 값이 바로 문제의 답이에요. 구한 값을 써보세요.
6,E,유사문제1,1,문제의 마지막 문장에서 무엇을 구하라고 했는지 다시 확인해보세요.
6,E,유사문제1,2,이 문제에서는 1단계에서 확인한 ‘구해야 하는 것’을 [RED: x]로 정해보세요.
6,E,유사문제1,3,"전체 일의 양은 1이에요. 
수진이는 혼자 10일 동안 일하면 전체 일을 완성하므로, 수진이가 하루에 할 수 있는 일의 양은 1을 10으로 나누어 구해보세요. 
민지는 혼자 15일 동안 일하면 전체 일을 완성하므로, 민지가 하루에 할 수 있는 일의 양은 1을 15로 나누어 구해보세요."
6,E,유사문제1,4,"수진이가 하루에 할 수 있는 일의 양은 1/10, 민지가 하루에 할 수 있는 일의 양은 1/15이에요. 수진이가 [RED: x]일 동안 한 일의 양은 1/10×[RED: x]이고, 민지는 수진이보다 5일 더 일하므로 민지가 한 일의 양은 1/15×([RED: x]+5)예요.

두 사람이 한 일의 양을 더하면 전체 일의 양 1과 같아요. 이를 이용하여 식을 만들어보세요."
6,E,유사문제1,6,5단계에서 구한 [RED: x]의 값이 바로 문제의 답이에요. 구한 값을 써보세요.
6,F,본문제,1,문제의 마지막 문장에서 무엇을 구하라고 했는지 다시 확인해보세요.
6,F,본문제,2,이 문제에서는 1단계에서 확인한 ‘구해야 하는 것’을 [RED: x]로 정해보세요.
6,F,본문제,3,"하민이는 10분에 4송이를 만드므로 1분에는 4÷10송이를 만들어요. 민수는 12분에 6송이를 만드므로 1분에는 6÷12송이를 만들어요. 
두 사람이 [RED: x]분 동안 만든 꽃의 개수는 각각 여기에 [RED: x]를 곱해서 나타내보세요."
6,F,본문제,4,"처음에 하민이는 16송이, 민수는 12송이를 가지고 있어요. [RED: x]분 동안 하민이가 만든 꽃은 2/5×[RED: x], 민수가 만든 꽃은 1/2×[RED: x]송이예요.

처음 가지고 있던 꽃에 [RED: x]분 동안 만든 꽃을 각각 더하면, 두 사람의 꽃의 개수가 같아요. 이를 이용하여 식을 만들어보세요."
6,F,본문제,6,5단계에서 구한 [RED: x]의 값이 바로 문제의 답이에요. 구한 값을 써보세요.
6,F,유사문제1,1,문제의 마지막 문장에서 무엇을 구하라고 했는지 다시 확인해보세요.
6,F,유사문제1,2,이 문제에서는 1단계에서 확인한 ‘구해야 하는 것’을 [RED: x]로 정해보세요.
6,F,유사문제1,3,"서연이는 10분에 별 5개를 만드므로 1분에는 5÷10개를 만들어요. 민재는 12분에 별 4개를 만드므로 1분에는 4÷12개를 만들어요. 
두 사람이 [RED: x]분 동안 만든 별의 개수는 각각 여기에 [RED: x]를 곱해서 나타내보세요."
6,F,유사문제1,4,"처음에 서연이는 별 12개, 민재는 18개를 가지고 있어요. [RED: x]분 동안 서연이가 만든 별은 1/2×[RED: x], 민재가 만든 별은 1/3×[RED: x]개예요.

처음 가지고 있던 별에 [RED: x]분 동안 만든 별을 각각 더하면, 두 사람의 별의 개수가 같아요. 이를 이용하여 식을 만들어보세요."
6,F,유사문제1,6,5단계에서 구한 [RED: x]의 값이 바로 문제의 답이에요. 구한 값을 써보세요.
6,G,본문제,1,문제의 마지막 문장에서 무엇을 구하라고 했는지 다시 확인해보세요.
6,G,본문제,2,이 문제에서는 1단계에서 확인한 ‘구해야 하는 것’을 [RED: x]로 정해보세요.
6,G,본문제,3,"‘정가 = 원가 + 원가의 10%’이므로, [RED: x]에 [RED: x]의 10%를 더해서 나타내보세요."
6,G,본문제,4,상품의 정가 1.1[RED: x]원에서 400원을 할인했으므로 판매가는 1.1[RED: x]-400원이에요. 1000원의 이익이 생겼다는 것은 판매가가 원가 [RED: x]원보다 1000원 더 많아요. 이를 이용하여 식을 만들어보세요.
6,G,본문제,6,5단계에서 구한 [RED: x]의 값이 바로 문제의 답이에요. 구한 값을 써보세요.
6,G,유사문제1,1,문제의 마지막 문장에서 무엇을 구하라고 했는지 다시 확인해보세요.
6,G,유사문제1,2,이 문제에서는 1단계에서 확인한 ‘구해야 하는 것’을 [RED: x]로 정해보세요.
6,G,유사문제1,3,"‘정가 = 원가 + 원가의 20%’이므로, [RED: x]에 [RED: x]의 20%를 더해서 나타내보세요."
6,G,유사문제1,4,상품의 정가 1.2[RED: x]원에서 500원을 할인했으므로 판매가는 1.2[RED: x]-500원이에요. 1500원의 이익이 생겼다는 것은 판매가가 원가 [RED: x]원보다 1500원 더 많아요. 이를 이용하여 식을 만들어보세요.
6,G,유사문제1,6,5단계에서 구한 [RED: x]의 값이 바로 문제의 답이에요. 구한 값을 써보세요.
