단계,유형,type,문제 텍스트,1/6문제,1/6정답,1/6선택정답,2/6문제,2/6정답,3/6문제,3/6정답,4/6문제,4/6정답,5/6문제,5/6-step1문제,5/6-step1정답,step5_1_training,5/6-step2문제,5/6-step2정답,step5_2_training,5/6-step3문제,5/6-step3정답,step5_3_training,6/6문제,6/6정답,keyword
1,A,본문제,형은 동생보다 4살 많고 두 사람의 나이의 합이 26살이다. 동생의 나이를 구하시오.,"구해야하는 것은 무엇인가요?
① 형의 나이
② 동생의 나이
③ 두 사람의 나이 차
④ 두 사람의 나이 합",동생의 나이,②,무엇을 x로 정했나요?,동생의 나이,“형은 동생보다 4살 많다”를 이용하여 형의 나이를 x를 사용한 식으로 표현해보자.,x+4,"""두 사람의 나이의 합이 26살이다"" 를 식으로 표현해보자",(x+4)+x=26,4단계에서 세운 방정식을 풀어봅시다.,[ (x+4)+x=26 ] 이 식에서 괄호를 풀고 동류항끼리 정리해보세요,2x+4=26,"distributive,combine_like_terms","[ 2x+4=26 ] 이 식에서 좌변에는 x항을 모으고, 우변에는 상수항을 모아 정리해 보세요",2x=22,"move_term,combine_like_terms",[ 2x=22 ] 이 식에서 x값을 구하면 얼마인가요?,x=11,divide_coefficient,동생의 나이는 몇 살인가요?,11살,가족
1,A,유사문제1,누나는 동생보다 3살 많고 두 사람의 나이의 합이 21살이다. 동생의 나이를 구하시오.,"구해야하는 것은 무엇인가요?
① 두 사람의 나이 합
② 두 사람의 나이 차
③ 동생의 나이
④ 누나의 나이",동생의 나이,③,무엇을 x로 정했나요?,동생의 나이,"""누나는 동생보다 3살 많다"" 를 이용하여 누나의 나이를 x를 사용한 식으로 표현해보자",x+3,"""두 사람의 나이의 합이 21살이다"" 를 식으로 표현해보자",(x+3)+x=21,4단계에서 세운 방정식을 풀어봅시다.,[ (x+3)+x=21 ] 이 식에서 괄호를 풀고 동류항끼리 정리해보세요,2x+3=21,"distributive,combine_like_terms","[ 2x+3=21 ] 이 식에서 좌변에는 x항을 모으고, 우변에는 상수항을 모아 정리해 보세요",2x=18,"move_term,combine_like_terms",[ 2x=18 ] 이 식에서 x값을 구하면 얼마인가요?,x=9,divide_coefficient,동생의 나이는 몇 살인가요?,9살,가족
1,B,본문제,광진이네 반 학생 수는 36명이고 여학생이 남학생보다 8명 많다. 남학생의 수를 구하시오.,"구해야하는 것은 무엇인가요?
① 남학생의 수
② 여학생의 수
③ 남학생 수와 여학생 수의 합
④ 남학생 수와 여학생 수의 차",남학생의 수,①,무엇을 x로 정했나요?,남학생의 수,"""여학생이 남학생보다 8명 많다"" 를 이용하여 여학생의 수를 x를 사용한 식으로 표현해보자",x+8,"""반 학생수가 36명이다"" 를 식으로 표현해보자",(x+8)+x=36,4단계에서 세운 방정식을 풀어봅시다.,[ (x+8)+x=36 ] 이 식에서 괄호를 풀고 동류항끼리 정리해보세요,2x+8=36,"distributive,combine_like_terms","[ 2x+8=36 ] 이 식에서 좌변에는 x항을 모으고, 우변에는 상수항을 모아 정리해 보세요",2x=28,"move_term,combine_like_terms",[ 2x=28 ] 이 식에서 x값을 구하면 얼마인가요?,x=14,divide_coefficient,남학생 수는 몇 명인가요?,14명,학교
1,B,유사문제1,어느 반 학생 수는 30명이고 여학생이 남학생보다 6명 많다. 남학생의 수를 구하시오.,"구해야하는 것은 무엇인가요?
① 남학생 수와 여학생 수의 합
② 남학생 수와 여학생 수의 차
③ 여학생의 수
④ 남학생의 수",남학생의 수,④,무엇을 x로 정했나요?,남학생의 수,"""여학생이 남학생보다 6명 많다"" 를 이용하여 여학생의 수를 x를 사용한 식으로 표현해보자",x+6,"""반 학생수가 30명이다"" 를 식으로 표현해보자",(x+6)+x=30,4단계에서 세운 방정식을 풀어봅시다.,[ (x+6)+x=30 ] 이 식에서 괄호를 풀고 동류항끼리 정리해보세요,2x+6=30,"distributive,combine_like_terms","[ 2x+6=30 ] 이 식에서 좌변에는 x항을 모으고, 우변에는 상수항을 모아 정리해 보세요",2x=24,"move_term,combine_like_terms",[ 2x=24 ] 이 식에서 x값을 구하면 얼마인가요?,x=12,divide_coefficient,남학생 수는 몇 명인가요?,12명,학교
1,C,본문제,광진이는 농구 시합에서 3점 슛 3개와 2점 슛 여러 개를 넣어 총 37점을 득점하였다. 광진이가 넣은 2점 슛의 개수를 구하시오.,"구해야하는 것은 무엇인가요?
① 3점 슛의 개수
② 2점 슛의 개수
③ 전체 슛의 개수
④ 총 득점",2점 슛의 개수,②,무엇을 x로 정했나요?,2점 슛의 개수,"""2점 슛 x개의 점수"" 를 x를 사용한 식으로 표현해보자",2x,"""총 37점을 득점하였다"" 를 식으로 표현해보자",9+2x=37,4단계에서 세운 방정식을 풀어봅시다.,"[ 9+2x=37 ] 이 식에서 좌변에는 x항을 모으고, 우변에는 상수항을 모아 정리해 보세요",2x=28,"move_term,combine_like_terms",[ 2x=28 ] 이 식에서 x값을 구하면 얼마인가요?,x=14,divide_coefficient,skip,skip,skip,2점슛의 개수는 몇 개인가요?,14개,농구
1,C,유사문제1,지민이는 농구 시합에서 3점 슛 2개와 2점 슛 여러 개를 넣어 총 28점을 득점하였다. 지민이가 넣은 2점 슛의 개수를 구하시오.,"구해야하는 것은 무엇인가요?
① 2점 슛의 개수
② 3점 슛의 개수
③ 총 득점
④ 전체 슛의 개수",2점 슛의 개수,①,무엇을 x로 정했나요?,2점 슛의 개수,"""2점 슛 x개의 점수"" 를 x를 사용한 식으로 표현해보자",2x,"""총 28점을 득점하였다"" 를 식으로 표현해보자",6+2x=28,4단계에서 세운 방정식을 풀어봅시다.,"[ 6+2x=28 ] 이 식에서 좌변에는 x항을 모으고, 우변에는 상수항을 모아 정리해 보세요",2x=22,"move_term,combine_like_terms",[ 2x=22 ] 이 식에서 x값을 구하면 얼마인가요?,x=11,divide_coefficient,skip,skip,skip,2점슛의 개수는 몇 개인가요?,11개,농구
1,D,본문제,한 자루에 800원인 볼펜 몇 자루와 2000원 하는 필통을 샀더니 가격이 9200원이다. 필통에 담긴 볼펜이 몇 자루인지 구하시오.,"구해야하는 것은 무엇인가요?
① 볼펜의 개수
② 볼펜의 가격
③ 필통의 개수
④ 필통의 가격",볼펜의 개수,①,무엇을 x로 정했나요?,볼펜의 개수,"""한 자루에 800원인 볼펜 x자루의 가격"" 을 x를 사용한 식으로 표현해보자",800x,"""가격이 9200원이다"" 를 식으로 표현해보자",800x+2000=9200,4단계에서 세운 방정식을 풀어봅시다.,"[ 800x+2000=9200 ] 이 식에서 좌변에는 x항을 모으고, 우변에는 상수항을 모아 정리해 보세요",800x=7200,"move_term,combine_like_terms",[ 800x=7200 ] 이 식에서 x값을 구하면 얼마인가요?,x=9,divide_coefficient,skip,skip,skip,볼펜은 몇 자루인가요?,9자루,문구
1,D,유사문제1,한 자루에 700원인 연필 몇 자루와 2000원 하는 필통을 샀더니 가격이 9000원이다. 필통에 담긴 연필이 몇 자루인지 구하시오.,"구해야하는 것은 무엇인가요?
① 필통의 개수
② 필통의 가격
③ 연필의 개수
④ 연필의 가격",연필의 개수,③,무엇을 x로 정했나요?,연필의 개수,"""한 자루에 700원인 연필 x자루의 가격"" 을 x를 사용한 식으로 표현해보자",700x,"""가격이 9000원이다"" 를 식으로 표현해보자",700x+2000=9000,4단계에서 세운 방정식을 풀어봅시다.,"[ 700x+2000=9000 ] 이 식에서 좌변에는 x항을 모으고, 우변에는 상수항을 모아 정리해 보세요",700x=7000,"move_term,combine_like_terms",[ 700x=7000 ] 이 식에서 x값을 구하면 얼마인가요?,x=10,divide_coefficient,skip,skip,skip,연필은 몇 자루인가요?,10자루,문구
1,E,본문제,"어느 농장에 소와 닭을 합하여 15마리가 있다. 다리의 수의 합이 44개일 때, 소는 모두 몇 마리인지 구하시오.","구해야하는 것은 무엇인가요?
① 소의 다리 개수
② 소의 마리수
③ 닭의 다리 개수
④ 닭의 마리수",소의 마리수,②,무엇을 x로 정했나요?,소의 마리수,"""소와 닭을 합하여 15마리일 때, 닭의 마리수"" 를 x를 사용한 식으로 표현해보자",15-x,"""다리의 수의 합이 44개 이다"" 를 식으로 표현해보자",4x+2(15-x)=44,4단계에서 세운 방정식을 풀어봅시다.,[ 4x+2(15-x)=44 ] 이 식에서 괄호를 풀고 동류항끼리 정리해보세요,2x+30=44,"distributive,combine_like_terms","[ 2x+30=44 ] 이 식에서 좌변에는 x항을 모으고, 우변에는 상수항을 모아 정리해 보세요",2x=14,"move_term,combine_like_terms",[ 2x=14 ] 이 식에서 x값을 구하면 얼마인가요?,x=7,divide_coefficient,소는 몇 마리인가요?,7마리,동물
1,E,유사문제1,"어느 농장에 양과 오리를 합하여 18마리가 있다. 다리의 수의 합이 54개일 때, 양은 모두 몇 마리인지 구하시오.","구해야하는 것은 무엇인가요?
① 오리의 다리 개수
② 오리의 마리수
③ 양의 다리 개수
④ 양의 마리수",양의 마리수,④,무엇을 x로 정했나요?,양의 마리수,"""양과 오리를 합하여 18마리 일 때, 오리의 마리수"" 를 x를 사용한 식으로 표현해보자",18-x,"""다리의 수의 합이 54개 이다"" 를 식으로 표현해보자",4x+2(18-x)=54,4단계에서 세운 방정식을 풀어봅시다.,[ 4x+2(18-x)=54 ] 이 식에서 괄호를 풀고 동류항끼리 정리해보세요,2x+36=54,"distributive,combine_like_terms","[ 2x+36=54 ] 이 식에서 좌변에는 x항을 모으고, 우변에는 상수항을 모아 정리해 보세요",2x=18,"move_term,combine_like_terms",[ 2x=18 ] 이 식에서 x값을 구하면 얼마인가요?,x=9,divide_coefficient,양은 몇 마리인가요?,9마리,동물
2,A,본문제,"형과 동생은 우표를 각각 16장, 12장 가지고 있다. 형이 동생에게 몇 장의 우표를 주면 동생이 가진 우표 수가 형이 가진 우표 수의 3배가 되는지 구하시오.","구해야하는 것은 무엇인가요?
① 형이 동생에게 주는 우표 개수
② 동생이 형에게 주는 우표 개수
③ 형이 가진 우표 개수
④ 동생이 가진 우표 개수",형이 동생에게 주는 우표 개수,①,무엇을 x로 정했나요?,형이 동생에게 주는 우표 개수,"""형이 동생에게 우표를 x장 줄 때, 형이 가진 우표 개수와 동생이 가진 우표 개수"" 를 각각 x를 사용한 식으로 표현해보자
① 형이 가진 우표 개수
② 동생이 가진 우표 개수","16-x,12+x","""동생이 가진 우표 수가 형이 가진 우표 수의 3배가 된다"" 를 식으로 표현해보자",12+x=3(16-x),4단계에서 세운 방정식을 풀어봅시다.,[ 12+x=3(16-x) ] 이 식에서 괄호를 풀고 동류항끼리 정리해보세요,12+x=48-3x,"distributive,combine_like_terms","[ 12+x=48-3x ] 이 식에서 좌변에는 x항을 모으고, 우변에는 상수항을 모아 정리해 보세요",4x=36,"move_term,combine_like_terms",[ 4x=36 ] 이 식에서 x값을 구하면 얼마인가요?,x=9,divide_coefficient,형이 동생에게 준 우표는 몇 장인가요?,9장,선물
2,A,유사문제1,"누나와 동생은 구슬을 각각 20개, 8개 가지고 있다. 누나가 동생에게 몇 개의 구슬을 주면 동생이 가진 구슬 수가 누나가 가진 구슬 수의 3배가 되는지 구하시오.","구해야하는 것은 무엇인가요?
① 동생이 누나에게 주는 구슬 개수
② 누나가 동생에게 주는 구슬 개수
③ 동생이 가진 구슬 개수
④ 누나가 가진 구슬 개수",누나가 동생에게 주는 구슬 개수,②,무엇을 x로 정했나요?,누나가 동생에게 주는 구슬 개수,"""누나가 동생에게 구슬을 x개 줄 때, 누나가 가진 구슬 개수와 동생이 가진 구슬 개수"" 를 각각 x를 사용한 식으로 표현해보자
① 누나가 가진 구슬 개수
② 동생이 가진 구슬 개수","20-x,8+x","""동생이 가진 구슬 수가 누나가 가진 구슬 수의 3배가 된다"" 를 식으로 표현해보자",8+x=3(20-x),4단계에서 세운 방정식을 풀어봅시다.,[ 8+x=3(20-x) ] 이 식에서 괄호를 풀고 동류항끼리 정리해보세요,8+x=60-3x,"distributive,combine_like_terms","[ 8+x=60-3x ] 이 식에서 좌변에는 x항을 모으고, 우변에는 상수항을 모아 정리해 보세요",4x=52,"move_term,combine_like_terms",[ 4x=52 ] 이 식에서 x값을 구하면 얼마인가요?,x=13,divide_coefficient,누나가 동생에게 준 구슬은 몇 개인가요?,13개,선물
2,B,본문제,"올해 어머니의 나이는 40살이고, 아들의 나이는 8살이다. 어머니의 나이가 아들의 나이의 세 배가 되는 때는 몇 년 후인지 구하시오.","구해야하는 것은 무엇인가요?
① 어머니의 나이가 아들의 나이의 세 배가 되는데 걸린 년 수
② 어머니의 나이와 아들의 나이의 차
③ 어머니의 나이
④ 아들의 나이",어머니의 나이가 아들의 나이의 세 배가 되는데 걸린 년 수,①,무엇을 x로 정했나요?,어머니의 나이가 아들의 나이의 세 배가 되는데 걸린 년 수,"""x년 후의 어머니의 나이와 아들의 나이"" 를 각각 x를 사용한 식으로 표현해보자
① 어머니의 나이
② 아들의 나이","40+x,8+x","""어머니의 나이가 아들의 나이의 세 배가 된다"" 를 식으로 표현해보자",40+x=3(8+x),4단계에서 세운 방정식을 풀어봅시다.,[ 40+x=3(8+x) ] 이 식에서 괄호를 풀고 동류항끼리 정리해보세요,40+x=24+3x,"distributive,combine_like_terms","[ 40+x=24+3x ] 이 식에서 좌변에는 x항을 모으고, 우변에는 상수항을 모아 정리해 보세요",2x=16,"move_term,combine_like_terms",[ 2x=16 ] 이 식에서 x값을 구하면 얼마인가요?,x=8,divide_coefficient,어머니의 나이가 아들의 나이의 세 배가 되는 때는 몇 년 후인가요?,8년,나이
2,B,유사문제1,"현재 아버지의 나이는 45살이고, 딸의 나이는 9살이다. 아버지의 나이가 딸의 나이의 네 배가 되는 때는 몇 년 후인지 구하시오.","구해야하는 것은 무엇인가요?
① 딸의 나이
② 아버지의 나이
③ 아버지의 나이와 딸의 나이의 합
④ 아버지의 나이가 딸의 나이의 네 배가 되는데 걸린 년 수",아버지의 나이가 딸의 나이의 네 배가 되는데 걸린 년 수,④,무엇을 x로 정했나요?,아버지의 나이가 딸의 나이의 네 배가 되는데 걸린 년 수,"""x년 후의 아버지의 나이와 딸의 나이"" 를 각각 x를 사용한 식으로 표현해보자
① 아버지의 나이
② 딸의 나이","45+x,9+x","""아버지의 나이가 딸의 나이의 네 배가 된다"" 를 식으로 표현해보자",45+x=4(9+x),4단계에서 세운 방정식을 풀어봅시다.,[ 45+x=4(9+x) ] 이 식에서 괄호를 풀고 동류항끼리 정리해보세요,45+x=36+4x,"distributive,combine_like_terms","[ 45+x=36+4x ] 이 식에서 좌변에는 x항을 모으고, 우변에는 상수항을 모아 정리해 보세요",3x=9,"move_term,combine_like_terms",[ 3x=9 ] 이 식에서 x값을 구하면 얼마인가요?,x=3,divide_coefficient,아버지의 나이가 딸의 나이의 네 배가 되는 때는 몇 년 후인가요?,3년,나이
2,C,본문제,"일의 자릿수가 8인 두 자리의 자연수가 있다. 이 자연수는 각 자릿수의 합의 4배와 같을 때, 이 자연수를 구하시오.","구해야하는 것은 무엇인가요?
① 두 자리 자연수의 십의 자리수
② 두 자리 자연수의 일의 자리수
③ 일의 자리가 8인 두자리 자연수
④ 자연수",일의 자리가 8인 두자리 자연수,③,무엇을 x로 정했나요?,일의 자리가 8인 두자리 자연수의 십의 자리 숫자,"""십의 자리의 수가 x, 일의 자리의 수가 8인 두 자리의 자연수"" 를 x를 사용한 식으로 표현해보자",10x+8,"""이 자연수는 각 자릿수의 합의 4배와 같다"" 를 식으로 표현해보자",10x+8=4(x+8),4단계에서 세운 방정식을 풀어봅시다.,[ 10x+8=4(x+8) ] 이 식에서 괄호를 풀고 동류항끼리 정리해보세요,10x+8=4x+32,"distributive,combine_like_terms","[ 10x+8=4x+32 ] 이 식에서 좌변에는 x항을 모으고, 우변에는 상수항을 모아 정리해 보세요",6x=24,"move_term,combine_like_terms",[ 6x=24 ] 이 식에서 x값을 구하면 얼마인가요?,x=4,divide_coefficient,이 자연수는 무엇인가요?,48,자연수
2,C,유사문제1,"일의 자릿수가 6인 두 자리의 자연수가 있다. 이 자연수는 각 자릿수의 합의 4배와 같을 때, 이 자연수를 구하시오.","구해야하는 것은 무엇인가요?
① 일의 자리가 6인 두자리 자연수
② 두 자리 자연수의 일의 자리수
③ 두 자리 자연수의 십의 자리수
④ 자연수",일의 자리가 6인 두자리 자연수,①,무엇을 x로 정했나요?,일의 자리가 6인 두자리 자연수의 십의 자리 숫자,"""십의 자리의 수가 x, 일의 자리의 수가 6인 두 자리의 자연수"" 를 x를 사용한 식으로 표현해보자",10x+6,"""이 자연수는 각 자릿수의 합의 4배와 같다"" 를 식으로 표현해보자",10x+6=4(x+6),4단계에서 세운 방정식을 풀어봅시다.,[ 10x+6=4(x+6) ] 이 식에서 괄호를 풀고 동류항끼리 정리해보세요,10x+6=4x+24,"distributive,combine_like_terms","[ 10x+6=4x+24 ] 이 식에서 좌변에는 x항을 모으고, 우변에는 상수항을 모아 정리해 보세요",6x=18,"move_term,combine_like_terms",[ 6x=18 ] 이 식에서 x값을 구하면 얼마인가요?,x=3,divide_coefficient,이 자연수는 무엇인가요?,36,자연수
2,D,본문제,"연속하는 두 자연수의 합이 71일 때, 두 자연수를 구하시오.","구해야하는 것은 무엇인가요?
① 자연수
② 연속하는 두 자연수
③ 연속하는 두 자연수의 합
④ 연속하는 두 자연수의 차",연속하는 두 자연수,②,무엇을 x로 정했나요?,연속하는 두 자연수 중 작은 자연수,"""연속하는 두 자연수 중 작은 자연수가 x 일때, 큰 자연수"" 를 x를 사용한 식으로 표현해보자",x+1,"""연속하는 두 자연수의 합이 71이다"" 를 식으로 표현해보자",x+x+1=71,4단계에서 세운 방정식을 풀어봅시다.,"[ x+x+1=71 ] 이 식에서 좌변에는 x항을 모으고, 우변에는 상수항을 모아 정리해 보세요",2x=70,"move_term,combine_like_terms",[ 2x=70 ] 이 식에서 x값을 구하면 얼마인가요?,x=35,divide_coefficient,skip,skip,skip,두 자연수는 무엇인가요?,"35, 36",연속
2,D,유사문제1,"연속하는 두 자연수의 합이 57일 때, 두 자연수를 구하시오.","구해야하는 것은 무엇인가요?
① 연속하는 두 자연수의 합
② 연속하는 두 자연수의 차
③ 연속하는 두 자연수
④ 자연수",연속하는 두 자연수,③,무엇을 x로 정했나요?,연속하는 두 자연수 중 작은 자연수,"""연속하는 두 자연수 중 작은 자연수가 x 일때, 큰 자연수"" 를 x를 사용한 식으로 표현해보자",x+1,"""연속하는 두 자연수의 합이 57이다"" 를 식으로 표현해보자",x+x+1=57,4단계에서 세운 방정식을 풀어봅시다.,"[ x+x+1=57 ] 이 식에서 좌변에는 x항을 모으고, 우변에는 상수항을 모아 정리해 보세요",2x=56,"move_term,combine_like_terms",[ 2x=56 ] 이 식에서 x값을 구하면 얼마인가요?,x=28,divide_coefficient,skip,skip,skip,두 자연수는 무엇인가요?,"28, 29",연속
2,E,본문제,"가로의 길이가 세로의 길이보다 17cm 더 긴 직사각형이 있다. 이 직사각형의 둘레의 길이가 162cm일 때, 이 직사각형의 세로의 길이를 구하시오.","구해야하는 것은 무엇인가요?
① 직사각형의 둘레의 길이
② 직사각형의 가로의 길이
③ 직사각형의 세로의 길이
④ 직사각형의 넓이",직사각형의 세로의 길이,③,무엇을 x로 정했나요?,직사각형의 세로의 길이,"""가로의 길이가 세로(x)의 길이보다 17cm 더 길때, 가로의 길이"" 를 x를 사용한 식으로 표현해보자",x+17,"""직사각형의 둘레의 길이가 162cm이다"" 를 식으로 표현해보자",2(x+x+17)=162,4단계에서 세운 방정식을 풀어봅시다.,[ 2(x+x+17)=162 ] 이 식에서 괄호를 풀고 동류항끼리 정리해보세요,4x+34=162,"distributive,combine_like_terms",[ 4x=128 ] 이 식에서 x값을 구하면 얼마인가요?,x=32,divide_coefficient,skip,skip,skip,직사각형의 세로의 길이는 몇 cm인가요?,32cm,도형
2,E,유사문제1,"가로의 길이가 세로의 길이보다 12cm 더 긴 직사각형이 있다. 이 직사각형의 둘레의 길이가 104cm일 때, 이 직사각형의 세로의 길이를 구하시오.","구해야하는 것은 무엇인가요?
① 직사각형의 넓이
② 직사각형의 둘레의 길이
③ 직사각형의 가로의 길이
④ 직사각형의 세로의 길이",직사각형의 세로의 길이,④,무엇을 x로 정했나요?,직사각형의 세로의 길이,"""가로의 길이가 세로(x)의 길이보다 12cm 더 길때, 가로의 길이"" 를 x를 사용한 식으로 표현해보자",x+12,"""직사각형의 둘레의 길이가 104cm이다"" 를 식으로 표현해보자",2(x+x+12)=104,4단계에서 세운 방정식을 풀어봅시다.,[ 2(x+x+12)=104 ] 이 식에서 괄호를 풀고 동류항끼리 정리해보세요,4x+24=104,"distributive,combine_like_terms",[ 4x=80 ] 이 식에서 x값을 구하면 얼마인가요?,x=20,divide_coefficient,skip,skip,skip,직사각형의 세로의 길이는 몇 cm인가요?,20cm,도형
3,A,본문제,수민이는 농구 시합에서 2점 슛을 3점 슛의 3배보다 1개 더 많이 넣어 총 38점을 득점하였다. 수민이가 넣은 3점 슛은 몇 개인지 구하시오.,"구해야하는 것은 무엇인가요?
① 2점 슛의 개수
② 3점 슛의 개수
③ 전체 슛의 개수
④ 총 득점",3점 슛의 개수,②,무엇을 x로 정했나요?,3점 슛의 개수,"""2점 슛을 3점 슛(x)의 3배보다 1개 더 많이 넣었다"" 를 이용하여 2점 슛의 개수를 x를 사용한 식으로 표현해보자",3x+1,"""총 38점을 득점하였다"" 를 식으로 표현해보자",3x+2(3x+1)=38,4단계에서 세운 방정식을 풀어봅시다.,[ 3x+2(3x+1)=38 ] 이 식에서 괄호를 풀고 동류항끼리 정리해보세요,9x+2=38,"distributive,combine_like_terms",[ 9x=36 ] 이 식에서 x값을 구하면 얼마인가요?,x=4,divide_coefficient,skip,skip,skip,수민이가 넣은 3점 슛은 몇 개인가요?,4개,농구
3,A,유사문제1,서윤이는 농구 시합에서 2점 슛을 3점 슛의 2배보다 2개 더 많이 넣어 총 32점을 득점하였다. 서윤이가 넣은 3점 슛은 몇 개인지 구하시오.,"구해야하는 것은 무엇인가요?
① 전체 슛의 개수
② 총 득점
③ 2점 슛의 개수
④ 3점 슛의 개수",3점 슛의 개수,④,무엇을 x로 정했나요?,3점 슛의 개수,"""2점 슛을 3점 슛(x)의 2배보다 2개 더 많이 넣었다"" 를 이용하여 2점 슛의 개수를 x를 사용한 식으로 표현해보자",2x+2,"""총 32점을 득점하였다"" 를 식으로 표현해보자",3x+2(2x+2)=32,4단계에서 세운 방정식을 풀어봅시다.,[ 3x+2(2x+2)=32 ] 이 식에서 괄호를 풀고 동류항끼리 정리해보세요,7x+4=32,"distributive,combine_like_terms",[ 7x=28 ] 이 식에서 x값을 구하면 얼마인가요?,x=4,divide_coefficient,skip,skip,skip,서윤이가 넣은 3점슛의 개수는 몇 개인가요?,4개,농구
3,B,본문제,"현재 형의 저금통에는 10000원, 동생의 저금통에는 3000원이 들어 있다. 앞으로 매달 형은 3000원씩, 동생은 2000원씩 저축을 한다고 할 때, 몇 개월 후에 형의 저금액이 동생의 저금액의 2배가 되는지 구하시오.","구해야하는 것은 무엇인가요?
① 형의 저금액이 동생의 저금액의 2배가 되는데 걸리는 개월 수
② 형의 저금액과 동생의 저금액의 합
③ 동생의 저금액
④ 형의 저금액",형의 저금액이 동생의 저금액의 2배가 되는데 걸리는 개월 수,①,무엇을 x로 정했나요?,형의 저금액이 동생의 저금액의 2배가 되는데 걸리는 개월 수,"""x개월 후 형의 저금액과 동생의 저금액"" 을 각각 x를 사용한 식으로 표현해보자
① 형의 저금액
② 동생의 저금액","10000+3000x,3000+2000x","""형의 저금액이 동생의 저금액의 2배가 된다"" 를 식으로 표현해 보자",10000+3000x=2(3000+2000x),4단계에서 세운 방정식을 풀어봅시다.,[ 10000+3000x=2(3000+2000x) ] 이 식에서 괄호를 풀고 동류항끼리 정리해보세요,10000+3000x=6000+4000x,"distributive,combine_like_terms",[ 1000x=4000 ] 이 식에서 x값을 구하면 얼마인가요?,x=4,divide_coefficient,skip,skip,skip,형의 저금액이 동생의 저금액의 2배가 되는 것은 몇 개월 후인가요?,4개월 후,용돈
3,B,유사문제1,"현재 누나의 저금통에는 8000원, 동생의 저금통에는 2000원이 들어 있다. 앞으로 매달 누나는 2500원씩, 동생은 1500원씩 저축을 한다고 할 때, 몇 개월 후에 누나의 저금액이 동생의 저금액의 2배가 되는지 구하시오.","구해야하는 것은 무엇인가요?
① 동생의 저금액
② 누나의 저금액
③ 누나의 저금액이 동생의 저금액의 2배가 되는데 걸리는 개월 수
④ 누나의 저금액과 동생의 저금액의 합",누나의 저금액이 동생의 저금액의 2배가 되는데 걸리는 개월 수,③,무엇을 x로 정했나요?,누나의 저금액이 동생의 저금액의 2배가 되는데 걸리는 개월 수,"""x개월 후의 누나의 저금액과 동생의 저금액"" 을 각각 x를 사용한 식으로 표현해보자
① 누나의 저금액
② 동생의 저금액","8000+2500x,2000+1500x","""누나의 저금액이 동생의 저금액의 2배가 된다"" 를 식으로 표현해보자",8000+2500x=2(2000+1500x),4단계에서 세운 방정식을 풀어봅시다.,[ 8000+2500x=2(2000+1500x) ] 이 식에서 괄호를 풀고 동류항끼리 정리해보세요,8000+2500x=4000+3000x,"distributive,combine_like_terms",[ 500x=4000 ] 이 식에서 x값을 구하면 얼마인가요?,x=8,divide_coefficient,skip,skip,skip,누나의 저금액이 동생의 저금액의 2배가 되는 것은 몇 개월 후인가요?,8개월 후,용돈
3,C,본문제,"올해 아버지의 나이는 아들의 나이의 4배이다. 5년 후 아버지의 나이가 아들의 나이의 3배가 된다고 할 때, 올해 아들의 나이를 구하시오.","구해야하는 것은 무엇인가요?
① 올해 아들의 나이
② 올해 아버지의 나이
③ 아버지의 나이와 아들의 나이의 합
④ 아버지의 나이와 아들의 나이의 차",올해 아들의 나이,①,무엇을 x로 정했나요?,올해 아들의 나이,"""올해 아들의 나이가 x살 일때, 올해 아버지의 나이"" 를 x를 사용한 식으로 표현해보자",4x,"""5년 후 아버지의 나이가 아들의 나이의 3배가 된다"" 를 식으로 표현해 보자",4x+5=3(x+5),4단계에서 세운 방정식을 풀어봅시다.,[ 4x+5=3(x+5) ] 이 식에서 괄호를 풀고 동류항끼리 정리해보세요,4x+5=3x+15,"distributive,combine_like_terms","[ 4x+5=3x+15 ] 이 식에서 좌변에는 x항을 모으고, 우변에는 상수항을 모아 정리한 다음 x값을 구하면 얼마인가요?",x=10,"move_term,combine_like_terms",skip,skip,skip,올해 아들의 나이는 몇 살인가요?,10살,가족
3,C,유사문제1,"올해 어머니의 나이는 딸의 나이의 4배이다. 6년 후 어머니의 나이가 딸의 나이의 3배가 된다고 할 때, 올해 딸의 나이를 구하시오.","구해야하는 것은 무엇인가요?
① 어머니의 나이와 딸의 나이의 합
② 어머니의 나이와 딸의 나이의 차
③ 올해 딸의 나이
④ 올해 어머니의 나이",올해 딸의 나이,③,무엇을 x로 정했나요?,올해 딸의 나이,"""올해 딸의 나이가 x살 일때, 올해 어머니의 나이"" 를 x를 사용한 식으로 표현해보자",4x,"""6년 후 어머니의 나이가 딸의 나이의 3배가 된다"" 를 식으로 표현해보자",4x+6=3(x+6),4단계에서 세운 방정식을 풀어봅시다.,[ 4x+6=3(x+6) ] 이 식에서 괄호를 풀고 동류항끼리 정리해보세요,4x+6=3x+18,"distributive,combine_like_terms","[ 4x+6=3x+18 ] 이 식에서 좌변에는 x항을 모으고, 우변에는 상수항을 모아 정리한 다음 x값을 구하면 얼마인가요?",x=12,"move_term,combine_like_terms",skip,skip,skip,올해 딸의 나이는 몇 살인가요?,12살,가족
3,D,본문제,"연속하는 두 홀수의 합이 36일 때, 두 홀수를 구하시오.","구해야하는 것은 무엇인가요?
① 두 홀수
② 두 홀수의 합
③ 두 홀수의 차
④ 두 홀수의 곱",두 홀수,①,무엇을 x로 정했나요?,두 홀수 중 작은 수,"""연속한 홀수 중 작은 홀수가 x 일때, 큰 홀수"" 를 x를 사용한 식으로 표현해보자",x+2,"""두 홀수의 합이 36이다"" 를 식으로 표현해 보자",x+x+2=36,4단계에서 세운 방정식을 풀어봅시다.,"[ x+x+2=36 ] 이 식에서 좌변에는 x항을 모으고, 우변에는 상수항을 모아 정리해 보세요",2x=34,"move_term,combine_like_terms",[ 2x=34 ] 이 식에서 x값을 구하면 얼마인가요?,x=17,divide_coefficient,skip,skip,skip,연속한 두 홀수는 무엇인가요?,"17, 19",홀수
3,D,유사문제1,"연속하는 두 홀수의 합이 48일 때, 두 홀수를 구하시오.","구해야하는 것은 무엇인가요?
① 두 홀수의 곱
② 두 홀수의 합
③ 두 홀수의 차
④ 두 홀수",두 홀수,④,무엇을 x로 정했나요?,두 홀수 중 작은 수,"""연속한 홀수 중 작은 홀수가 x 일때, 큰 홀수"" 를 x를 사용한 식으로 표현해보자",x+2,"""두 홀수의 합이 48이다"" 를 식으로 표현해보자",x+x+2=48,4단계에서 세운 방정식을 풀어봅시다.,"[ x+x+2=48 ] 이 식에서 좌변에는 x항을 모으고, 우변에는 상수항을 모아 정리해 보세요",2x=46,"move_term,combine_like_terms",[ 2x=46 ] 이 식에서 x값을 구하면 얼마인가요?,x=23,divide_coefficient,skip,skip,skip,연속한 두 홀수는 무엇인가요?,"23, 25",홀수
3,E,본문제,"가로의 길이가 세로의 길이의 2배보다 4cm 짧은 직사각형이 있다. 둘레의 길이가 34cm일 때, 이 직사각형의 가로의 길이를 구하시오.","구해야하는 것은 무엇인가요?
① 직사각형의 넓이
② 직사각형의 둘레의 길이
③ 직사각형의 가로의 길이
④ 직사각형의 세로의 길이",직사각형의 가로의 길이,③,무엇을 x로 정했나요?,직사각형의 세로의 길이,"""가로의 길이가 세로(x)의 길이의 2배보다 4cm 더 짧다"" 를 이용하여 가로의 길이를 x를 사용한 식으로 표현해보자",2x-4,"""직사각형의 둘레의 길이가 34cm이다"" 를 식으로 표현해 보자",2(x+2x-4)=34,4단계에서 세운 방정식을 풀어봅시다.,[ 2(x+2x-4)=34 ] 이 식에서 괄호를 풀고 동류항끼리 정리해보세요,6x-8=34,"distributive,combine_like_terms",[ 6x=42 ] 이 식에서 x값을 구하면 얼마인가요?,x=7,divide_coefficient,skip,skip,skip,직사각형의 가로의 길이는 몇 cm인가요?,10cm,도형
3,E,유사문제1,"가로의 길이가 세로의 길이의 2배보다 2cm 짧은 직사각형이 있다. 둘레의 길이가 50cm일 때, 이 직사각형의 가로의 길이를 구하시오.","구해야하는 것은 무엇인가요?
① 직사각형의 가로의 길이
② 직사각형의 세로의 길이
③ 직사각형의 둘레의 길이
④ 직사각형의 넓이",직사각형의 가로의 길이,①,무엇을 x로 정했나요?,직사각형의 세로의 길이,"""가로의 길이가 세로(x)의 길이의 2배보다 2cm 더 짧다"" 를 이용하여 가로의 길이를 x를 사용한 식으로 표현해보자",2x-2,"""직사각형의 둘레의 길이가 50cm이다"" 를 식으로 표현해보자",2(x+2x-2)=50,4단계에서 세운 방정식을 풀어봅시다.,[ 2(x+2x-2)=50 ] 이 식에서 괄호를 풀고 동류항끼리 정리해보세요,6x-4=50,"distributive,combine_like_terms",[ 6x=54 ] 이 식에서 x값을 구하면 얼마인가요?,x=9,divide_coefficient,skip,skip,skip,직사각형의 가로의 길이는 몇 cm인가요?,16cm,도형
4,A,본문제,"십의 자리의 숫자가 3인 두 자리 자연수가 있다. 이 자연수의 십의 자리의 숫자와 일의 자리의 숫자를 바꾼 수는 처음 수보다 36만큼 크다고 할 때, 처음 수를 구하시오.","구해야하는 것은 무엇인가요?
① 십의 자리의 숫자가 3인 두 자리 자연수
② 두 자리 자연수의 십의 자리 숫자
③ 두 자리 자연수의 일의 자리 숫자
④ 일의 자리의 숫자가 3인 두 자리 자연수",십의 자리의 숫자가 3인 두 자리 자연수,①,무엇을 x로 정했나요?,십의 자리의 숫자가 3인 두 자리 자연수의 일의 자리 숫자,"""십의 자리의 숫자가 3, 일의 자리 숫자가 x인 처음 수"" 를 x를 사용한 식으로 표현해보자",30+x,"""십의 자리의 숫자와 일의 자리의 숫자를 바꾼 수는 처음 수보다 36만큼 크다"" 를 식으로 표현해 보자",10x+3=30+x+36,4단계에서 세운 방정식을 풀어봅시다.,"[ 10x+3=30+x+36 ] 이 식에서 좌변에는 x항을 모으고, 우변에는 상수항을 모아 정리해 보세요",9x=63,"move_term,combine_like_terms",[ 9x=63 ] 이 식에서 x값을 구하면 얼마인가요?,x=7,divide_coefficient,skip,skip,skip,처음 자연수는 무엇인가요?,37,자연수
4,A,유사문제1,"십의 자리의 숫자가 4인 두 자리 자연수가 있다. 이 자연수의 십의 자리의 숫자와 일의 자리의 숫자를 바꾼 수는 처음 수보다 27만큼 크다고 할 때, 처음 수를 구하시오.","구해야하는 것은 무엇인가요?
① 두 자리 자연수의 십의 자리 숫자
② 두 자리 자연수의 일의 자리 숫자
③ 십의 자리의 숫자가 4인 두 자리 자연수
④ 일의 자리의 숫자가 4인 두 자리 자연수",십의 자리의 숫자가 4인 두 자리 자연수,③,무엇을 x로 정했나요?,십의 자리의 숫자가 4인 두 자리 자연수의 일의 자리 숫자,"""십의 자리의 숫자가 4, 일의 자리 숫자가 x인 처음 수"" 를 x를 사용한 식으로 표현해보자",40+x,"""십의 자리의 숫자와 일의 자리의 숫자를 바꾼 수는 처음 수보다 27만큼 크다"" 를 식으로 표현해보자",10x+4=40+x+27,4단계에서 세운 방정식을 풀어봅시다.,"[ 10x+4=40+x+27 ]  이 식에서 좌변에는 x항을 모으고, 우변에는 상수항을 모아 정리해 보세요",9x=63,"move_term,combine_like_terms",[ 9x=63 ] 이 식에서 x값을 구하면 얼마인가요?,x=7,divide_coefficient,skip,skip,skip,처음 자연수는 무엇인가요?,47,자연수
4,B,본문제,"가로의 길이가 4cm, 세로의 길이가 6cm인 직사각형이 있다. 이 직사각형의 가로의 길이를 5cm 늘리고, 세로의 길이를 몇 cm 늘렸더니 넓이가 처음 직사각형 넓이의 3배가 되었다. 이때 세로의 길이는 몇 cm 늘렸는지 구하시오.","구해야하는 것은 무엇인가요?
① 직사각형의 넓이
② 직사각형의 둘레의 길이
③ 4cm에서 늘린 가로의 길이
④ 6cm에서 늘린 세로의 길이",6cm에서 늘린 세로의 길이,④,무엇을 x로 정했나요?,6cm에서 늘린 세로의 길이,"""가로의 길이를 5cm, 세로의 길이를 xcm 늘린 직사각형의 넓이"" 를 x를 사용한 식으로 표현해보자",9(6+x),"""가로와 세로의 길이를 늘린 직사각형의 넓이가 처음 직사각형의 넓이의 3배가 되었다"" 를 식으로 표현해 보자",9(6+x)=3×24,4단계에서 세운 방정식을 풀어봅시다.,[ 9(6+x)=3×24 ] 이 식에서 괄호를 풀고 동류항끼리 정리해보세요,54+9x=72,"distributive,combine_like_terms","[ 54+9x=72 ] 이 식에서 좌변에는 x항을 모으고, 우변에는 상수항을 모아 정리해 보세요",9x=18,"move_term,combine_like_terms",[ 9x=18 ] 이 식에서 x값을 구하면 얼마인가요?,x=2,divide_coefficient,세로의 길이는 몇 cm 늘렸는가요?,2cm,도형
4,B,유사문제1,"가로의 길이가 4cm, 세로의 길이가 4cm인 직사각형이 있다. 이 직사각형의 가로의 길이를 2cm 늘리고, 세로의 길이를 몇 cm 늘렸더니 넓이가 처음 직사각형 넓이의 3배가 되었다. 이때 세로의 길이는 몇 cm 늘렸는지 구하시오.","구해야하는 것은 무엇인가요?
① 4cm에서 늘린 가로의 길이
② 4cm에서 늘린 세로의 길이
③ 직사각형의 넓이
④ 직사각형의 둘레의 길이",4cm에서 늘린 세로의 길이,②,무엇을 x로 정했나요?,4cm에서 늘린 세로의 길이,"""가로의 길이를 2cm, 세로의 길이를 xcm 늘린 직사각형의 넓이"" 를 x를 사용한 식으로 표현해보자",6(4+x),"""가로와 세로의 길이를 늘린 직사각형의 넓이가 처음 직사각형의 넓이의 3배가 되었다"" 를 식으로 표현해보자",6(4+x)=3×16,4단계에서 세운 방정식을 풀어봅시다.,[ 6(4+x)=3×16 ] 이 식에서 괄호를 풀고 동류항끼리 정리해보세요,24+6x=48,"distributive,combine_like_terms","[ 24+6x=48 ] 이 식에서 좌변에는 x항을 모으고, 우변에는 상수항을 모아 정리해 보세요",6x=24,"move_term,combine_like_terms",[ 6x=24 ] 이 식에서 x값을 구하면 얼마인가요?,x=4,divide_coefficient,세로의 길이는 몇 cm 늘렸는가요?,4cm,도형
4,C,본문제,"집에서 학교까지 갈 때는 시속 2km, 같은 길을 되돌아올 때는 시속 3km로 걸어서 총 5시간이 걸렸다. 집에서 학교까지의 거리를 구하시오.","구해야하는 것은 무엇인가요?
① 집에서 학교까지 갈 때 걸은 속력
② 학교에서 집까지 올 때 걸은 속력
③ 집에서 학교까지 거리
④ 집에서 학교까지 갈 때 걸린 시간",집에서 학교까지 거리,③,무엇을 x로 정했나요?,집에서 학교까지 거리,"""시속 2km로 갈 때 걸린 시간과 시속 3km로 올 때 걸린 시간"" 을 각각 x를 사용한 식으로 표현해보자
① 시속 2km로 갈 때 걸린 시간
② 시속 3km로 올 때 걸린 시간","x/2,x/3","""집에서 학교까지 갈 때와 같은 길을 되돌아올 때 총 5시간 걸렸다"" 를 식으로 표현해 보자",x/2+x/3=5,4단계에서 세운 방정식을 풀어봅시다.,[ x/2+x/3=5 ] 이 식에서 양변에 적당한 수를 곱하여 소수나 분수를 정수로 만들어 보세요,3x+2x=30,clear_fraction,[ 3x+2x=30 ] 이 식에서 동류항끼리 정리해 보세요,5x=30,combine_like_terms,[ 5x=30 ] 이 식에서 x값을 구하면 얼마인가요?,x=6,divide_coefficient,집에서 학교까지 거리는 몇 km인가요?,6km,산책
4,C,유사문제1,"집에서 도서관까지 갈 때는 시속 3km, 같은 길을 되돌아올 때는 시속 6km로 걸어서 총 3시간이 걸렸다. 집에서 도서관까지의 거리를 구하시오.","구해야하는 것은 무엇인가요?
① 집에서 도서관까지 거리
② 집에서 도서관까지 갈 때 걸은 속력
③ 도서관에서 집으로 올 때 걸은 속력
④ 집에서 도서관까지 갈 때 걸린 시간",집에서 도서관까지 거리,①,무엇을 x로 정했나요?,집에서 도서관까지 거리,"""시속 3km로 갈 때 걸린 시간과 시속 6km로 올 때 걸린 시간"" 을 각각 x를 사용한 식으로 표현해보자
① 시속 3km로 갈 때 걸린 시간
② 시속 6km로 올 때 걸린 시간","x/3,x/6","""집에서 도서관까지 갈 때와 같은 길을 되돌아올 때 총 3시간 걸렸다"" 를 식으로 표현해보자",x/3+x/6=3,4단계에서 세운 방정식을 풀어봅시다.,[ x/3+x/6=3 ] 이 식에서 양변에 적당한 수를 곱하여 소수나 분수를 정수로 만들어 보세요,2x+x=18,clear_fraction,[ 2x+x=18 ] 이 식에서 동류항끼리 정리해 보세요,3x=18,combine_like_terms,[ 3x=18 ] 이 식에서 x값을 구하면 얼마인가요?,x=6,divide_coefficient,집에서 도서관까지의 거리는 몇 km인가요?,6km,산책
4,D,본문제,"집에서 공원까지 갈 때는 시속 4km, 올 때는 같은 길을 시속 3km로 걸어서 총 1시간 10분이 걸렸다. 집에서 공원까지의 거리를 구하시오.","구해야하는 것은 무엇인가요?
① 집에서 공원까지 갈 때 걸린 시간
② 집에서 공원까지 거리
③ 공원에서 집으로 올 때 걸은 속력
④ 집에서 공원까지 갈 때 걸은 속력",집에서 공원까지 거리,②,무엇을 x로 정했나요?,집에서 공원까지 거리,"""시속 4km로 갈 때 걸린 시간과 시속 3km로 올 때 걸린 시간"" 을 각각 x를 사용한 식으로 표현해보자
① 시속 4km로 갈 때 걸린 시간
② 시속 3km로 올 때 걸린 시간","x/4,x/3","""집에서 공원까지 갈 때와 같은 길을 올 때 총 1시간 10분 걸렸다"" 를 식으로 표현해 보자",x/4+x/3=7/6,4단계에서 세운 방정식을 풀어봅시다.,[ x/4+x/3=7/6 ] 이 식에서 양변에 적당한 수를 곱하여 소수나 분수를 정수로 만들어 보세요,3x+4x=14,clear_fraction,[ 3x+4x=14 ] 이 식에서 동류항끼리 정리해 보세요,7x=14,combine_like_terms,[ 7x=14 ] 이 식에서 x값을 구하면 얼마인가요?,x=2,divide_coefficient,집에서 공원까지 거리는 몇 km인가요?,2km,거리
4,D,유사문제1,"학교에서 체육관까지 갈 때는 시속 5km, 올 때는 같은 길을 시속 4km로 걸어서 총 1시간 48분이 걸렸다. 학교에서 체육관까지의 거리를 구하시오.","구해야하는 것은 무엇인가요?
① 학교에서 체육관까지 갈 때 걸은 속력
② 체육관에서 학교까지 올 때 걸은 속력
③ 학교에서 체육관까지 거리
④ 학교에서 체육관까지 걸린 시간",학교에서 체육관까지 거리,③,무엇을 x로 정했나요?,학교에서 체육관까지 거리,"""시속 5km로 갈 때 걸린 시간과 시속 4km로 올 때 걸린 시간"" 을 각각 x를 사용한 식으로 표현해보자
① 시속 5km로 갈 때 걸린 시간
② 시속 4km로 올 때 걸린 시간","x/5,x/4","""집에서 공원까지 갈 때와 같은 길을 올 때 총 1시간 48분이 걸렸다"" 를 식으로 표현해보자",x/5+x/4=9/5,4단계에서 세운 방정식을 풀어봅시다.,[ x/5+x/4=9/5 ] 이 식에서 양변에 적당한 수를 곱하여 소수나 분수를 정수로 만들어 보세요,4x+5x=36,clear_fraction,[ 4x+5x=36 ] 이 식에서 동류항끼리 정리해 보세요,9x=36,combine_like_terms,[ 9x=36 ] 이 식에서 x값을 구하면 얼마인가요?,x=4,divide_coefficient,학교에서 체육관까지의 거리는 몇 km인가요?,4km,거리
4,E,본문제,8km 떨어진 지역까지 가는데 출발하여 시속 5km로 걷다가 어떤 지점부터 시속 6km로 달렸더니 총 1시간 30분이 걸렸다. 이때 시속 6km로 달린 거리를 구하시오.,"구해야하는 것은 무엇인가요?
① 시속 5km로 걸은 시간
② 시속 5km로 걸은 거리
③ 시속 6km로 달린 시간
④ 시속 6km로 달린 거리",시속 6km로 달린 거리,④,무엇을 x로 정했나요?,시속 6km로 달린 거리,"""시속 6km로 달린 거리를 x라고 할 때, 시속 5km로 걸은 거리"" 를 x를 사용한 식으로 표현해보자",8-x,"""8km 떨어진 지역까지 가는데 총 1시간 30분이 걸렸다"" 를 식으로 표현해 보자",(8-x)/5+x/6=3/2,4단계에서 세운 방정식을 풀어봅시다.,[ (8-x)/5+x/6=3/2 ] 이 식에서 양변에 적당한 수를 곱하여 소수나 분수를 정수로 만들어 보세요,6(8-x)+5x=45,clear_fraction,[ 6(8-x)+5x=45 ] 이 식에서 괄호를 풀고 동류항끼리 정리해보세요,48-x=45,"distributive,combine_like_terms","[ 48-x=45 ]  이 식에서 좌변에는 x항을 모으고, 우변에는 상수항을 모아 정리한 다음 x값을 구하면 얼마인가요?",x=3,move_term,시속 6km로 달린 거리는 몇 km인가요?,3km,운동
4,E,유사문제1,10km 떨어진 지역까지 가는데 출발하여 시속 4km로 걷다가 어떤 지점부터 시속 6km로 달렸더니 총 2시간이 걸렸다. 이때 시속 6km로 달린 거리를 구하시오.,"구해야하는 것은 무엇인가요?
① 시속 6km로 달린 시간
② 시속 6km로 달린 거리
③ 시속 4km로 걸은 시간
④ 시속 4km로 걸은 거리",시속 6km로 달린 거리,②,무엇을 x로 정했나요?,시속 6km로 달린 거리,"""시속 6km로 달린 거리를 x라고 할 때, 시속 4km로 걸은 거리"" 를 x를 사용한 식으로 표현해보자",10-x,"""10km 떨어진 지역까지 가는데 총 2시간이 걸렸다"" 를 식으로 표현해보자",(10-x)/4+x/6=2,4단계에서 세운 방정식을 풀어봅시다.,[ (10-x)/4+x/6=2 ] 이 식에서 양변에 적당한 수를 곱하여 소수나 분수를 정수로 만들어 보세요,3(10-x)+2x=24,clear_fraction,[ 3(10-x)+2x=24 ] 이 식에서 괄호를 풀고 동류항끼리 정리해보세요,30-x=24,"distributive,combine_like_terms","[ 30-x=24 ]  이 식에서 좌변에는 x항을 모으고, 우변에는 상수항을 모아 정리한 다음 x값을 구하면 얼마인가요?",x=6,move_term,시속 6km로 달린 거리는 몇 km인가요?,6km,운동
5,A,본문제,"사탕을 학생들에게 4개씩 주면 7개가 남고, 5개씩 주면 3개가 부족하다고 한다. 이때 사탕을 받은 학생수를 구하시오.","구해야하는 것은 무엇인가요?
① 사탕의 총 개수
② 한 사람이 받는 사탕의 개수
③ 사탕을 받지 못한 학생수
④ 사탕을 받은 학생수",사탕을 받은 학생수,④,무엇을 x로 정했나요?,사탕을 받은 학생수,"""사탕을 받은 학생수를 x라고 할 때, 학생들에게 사탕을 4개씩 줄 때와 5개씩 줄 때의 사탕 개수"" 를 각각 x를 사용한 식으로 표현해보자
① 학생들에게 사탕을 4개씩 줄 때 사탕 개수
② 학생들에게 사탕을 5개씩 줄 때 사탕 개수","4x+7,5x-3","""사탕의 개수는 같다"" 를 식으로 표현해보자",4x+7=5x-3,4단계에서 세운 방정식을 풀어봅시다.,"[ 5x-3=4x+7 ] 이 식에서 좌변에는 x항을 모으고, 우변에는 상수항을 모아 정리한 다음 x값을 구하면 얼마인가요?",x=10,"move_term,combine_like_terms",skip,skip,skip,skip,skip,skip,사탕을 받은 학생수는 몇 명인가요?,10명,간식
5,A,유사문제1,"초콜릿을 학생들에게 3개씩 주면 8개가 남고, 4개씩 주면 2개가 부족하다고 한다. 이때 초콜릿을 받은 학생수를 구하시오.","구해야하는 것은 무엇인가요?
① 초콜릿을 받은 학생수
② 초콜릿을 받지 못한 학생수
③ 초콜릿의 총 개수
④ 한 사람이 받는 초콜릿의 개수",초콜릿을 받은 학생수,①,무엇을 x로 정했나요?,초콜릿을 받은 학생수,"""초콜릿을 받은 학생수를 x라고 할 때, 학생들에게 초콜릿을 3개씩 줄 때와 4개씩 줄 때의 초콜릿 개수"" 를 각각 x를 사용한 식으로 표현해보자
① 학생들에게 초콜릿을 3개씩 줄 때 초콜릿 개수
② 학생들에게 초콜릿을 4개씩 줄 때 초콜릿 개수","3x+8,4x-2","""초콜릿의 개수는 같다"" 를 식으로 표현해보자",3x+8=4x-2,4단계에서 세운 방정식을 풀어봅시다.,"[ 4x-2=3x+8 ] 이 식에서 좌변에는 x항을 모으고, 우변에는 상수항을 모아 정리한 다음 x값을 구하면 얼마인가요?",x=10,"move_term,combine_like_terms",skip,skip,skip,skip,skip,skip,초콜릿을 받은 학생수는 몇 명인가요?,10명,간식
5,B,본문제,"집과 도서관 사이를 왕복하는데 갈 때는 시속 3km, 올 때는 시속 4km로 걸어 올 때 걸린 시간이 갈 때 걸린 시간보다 20분 덜 걸렸다. 집과 도서관 사이의 거리를 구하시오.","구해야하는 것은 무엇인가요?
① 집과 도서관 사이의 거리
② 집에서 도서관까지 가는데 걸린 시간
③ 도서관에서 집까지 오는데 걸린 시간
④ 집에서 도서관까지 왕복하는데 걸은 속력",집과 도서관 사이의 거리,①,무엇을 x로 정했나요?,집과 도서관 사이의 거리,"""집과 도서관 사이의 거리를 x 라고 할 때, 갈 때 걸린 시간과 올 때 걸린 시간"" 을 각각 x를 사용한 식으로 표현해보자
① 갈 때 걸린 시간
② 올 때 걸린 시간","x/3,x/4","""올 때 걸린 시간이 갈 때 걸린 시간보다 20분 덜 걸렸다"" 를 식으로 표현해 보자",x/3=x/4+1/3,4단계에서 세운 방정식을 풀어봅시다.,[ x/3=x/4+1/3 ] 이 식에서 양변에 적당한 수를 곱하여 소수나 분수를 정수로 만들어 보세요,4x=3x+4,clear_fraction,"[ 4x=3x+4 ] 이 식에서 좌변에는 x항을 모으고, 우변에는 상수항을 모아 정리한 다음 x값을 구하면 얼마인가요?",x=4,"move_term,combine_like_terms",skip,skip,skip,집과 도서관 사이의 거리는 몇 km인가요?,4km,공부
5,B,유사문제1,"집과 체육관 사이를 왕복하는데 갈 때는 시속 4km, 올 때는 시속 6km로 걸어 올 때 걸린 시간이 갈 때 걸린 시간보다 20분 덜 걸렸다. 집과 체육관 사이의 거리를 구하시오.","구해야하는 것은 무엇인가요?
① 집에서 체육관까지 가는데 걸린 시간
② 체육관에서 집까지 오는데 걸린 시간
③ 집과 체육관 사이의 거리
④ 집에서 체육관까지 왕복하는데 걸은 속력",집과 체육관 사이의 거리,③,무엇을 x로 정했나요?,집과 체육관 사이의 거리,"""집과 체육관 사이의 거리를 x 라고 할 때, 갈 때 걸린 시간과 올 때 걸린 시간"" 을 각각 x를 사용한 식으로 표현해보자
① 갈 때 걸린 시간
② 올 때 걸린 시간","x/4,x/6","""올 때 걸린 시간이 갈 때 걸린 시간보다 20분 덜 걸렸다"" 를 식으로 표현해보자",x/4=x/6+1/3,4단계에서 세운 방정식을 풀어봅시다.,[ x/4=x/6+1/3 ] 이 식에서 양변에 적당한 수를 곱하여 소수나 분수를 정수로 만들어 보세요,3x=2x+4,clear_fraction,"[ 3x=2x+4 ] 이 식에서 좌변에는 x항을 모으고, 우변에는 상수항을 모아 정리한 다음 x값을 구하면 얼마인가요?",x=4,"move_term,combine_like_terms",skip,skip,skip,집과 체육관 사이의 거리는 몇 km인가요?,4km,공부
5,C,본문제,"수련회에 참석한 학생들을 방에 배정하려고 한다. 한 방에 6명씩 배정하면 4명이 남고, 7명씩 배정하면 5명이 남는데 6명씩 배정할 때보다 방 1개가 줄어든다. 이때 수련회에 참석한 학생수를 구하시오.","구해야하는 것은 무엇인가요?
① 6명의 학생이 사용한 방의 개수
② 수련회에 참석한 학생수
③ 학생들이 사용한 방의 개수
④ 학생들이 사용하지 않고 남은 방의 개수",수련회에 참석한 학생수,②,무엇을 x로 정했나요?,수련회에 배정된 방의 개수,"""수련회에 배정된 방의 개수를 x 라고 할 때, 한 방에 6명씩 배정할 때와 7명씩 배정할 때의 학생 수"" 를 x를 사용한 식으로 표현해보자
① 한 방에 6명씩 배정할 때 학생 수
② 한 방에 7명씩 배정할 때 학생 수","6x+4,7(x-1)+5","""수련회에 참석한 학생수는 같다"" 를 식으로 표현해 보자",6x+4=7(x-1)+5,4단계에서 세운 방정식을 풀어봅시다.,[ 6x+4=7(x-1)+5 ] 이 식에서 괄호를 풀고 동류항끼리 정리해보세요,6x+4=7x-2,"distributive,combine_like_terms","[ 6x+4=7x-2 ] 이 식에서 좌변에는 x항을 모으고, 우변에는 상수항을 모아 정리한 다음 x값을 구하면 얼마인가요?",x=6,"move_term,combine_like_terms",skip,skip,skip,수련회에 참석한 학생수는 몇 명인가요?,40명,여행
5,C,유사문제1,"캠프에 참석한 학생들을 방에 배정하려고 한다. 한 방에 5명씩 배정하면 3명이 남고, 6명씩 배정하면 4명이 남는데 5명씩 배정할 때보다 방 1개가 줄어든다. 이때 캠프에 참석한 학생수를 구하시오.","구해야하는 것은 무엇인가요?
① 캠프에 참석한 학생수
② 학생들이 사용한 방의 개수
③ 학생들이 사용하지 않고 남은 방의 개수
④ 5명의 학생이 사용한 방의 개수",캠프에 참석한 학생수,①,무엇을 x로 정했나요?,캠프에 배정된 방의 개수,"""캠프에 배정된 방의 개수를 x 라고 할 때, 한 방에 5명씩 배정할 때와 6명씩 배정할 때의 학생 수"" 를 각각 x를 사용한 식으로 표현해보자
① 한 방에 5명씩 배정할 때 학생 수
② 한 방에 6명씩 배정할 때 학생 수","5x+3,6(x-1)+4","""캠프에 참석한 학생수는 같다"" 를 식으로 표현해 보자",5x+3=6(x-1)+4,4단계에서 세운 방정식을 풀어봅시다.,[ 5x+3=6(x-1)+4 ] 이 식에서 괄호를 풀고 동류항끼리 정리해보세요,5x+3=6x-2,"distributive,combine_like_terms","[ 5x+3=6x-2 ] 이 식에서 좌변에는 x항을 모으고, 우변에는 상수항을 모아 정리한 다음 x값을 구하면 얼마인가요?",x=5,"move_term,combine_like_terms",skip,skip,skip,캠프에 참석한 학생수는 몇 명인가요?,28명,여행
5,D,본문제,"동생이 집에서 출발한 지 20분 후에 형이 같은 길을 따라 동생을 만나러 갔다. 동생은 시속 4km의 속력으로 걷고, 형은 시속 6km의 속력으로 뛰었을 때, 형이 집에서 출발한 지 몇 분 후에 동생을 만나는지 구하시오.","구해야하는 것은 무엇인가요?
① 동생이 걸은 거리
② 형이 걸은 거리
③ 동생이 걸은 시간
④ 형이 출발 후 동생과 만날때까지 걸린 시간",형이 출발 후 동생과 만날때까지 걸린 시간,④,무엇을 x로 정했나요?,형이 출발 후 동생과 만날때까지 걸린 시간,"""형이 출발하여 동생과 만날때까지 걸린 시간을 x시간이라고 할때, 동생이 걸은 시간"" 을 x를 사용한 식으로 표현해보자",x+1/3,"""형이 동생과 같은 길을 따라 뛰어가서 동생을 만났다"" 를 식으로 표현해 보자",6x=4(x+1/3),4단계에서 세운 방정식을 풀어봅시다.,[ 6x=4(x+1/3) ] 이 식에서 괄호를 풀고 동류항끼리 정리해보세요,6x=4x+4/3,"distributive,combine_like_terms","[ 6x=4x+4/3 ] 이 식에서 좌변에는 x항을 모으고, 우변에는 상수항을 모아 정리해 보세요",2x=4/3,"move_term,combine_like_terms",[ 2x=4/3 ] 이 식에서 x값을 구하면 얼마인가요?,x=2/3,divide_coefficient,형이 집에서 출발한 지 몇 분 후에 동생을 만나는가요?,40분,약속
5,D,유사문제1,"동생이 집에서 출발한 지 30분 후에 형이 같은 길을 따라 동생을 만나러 갔다. 동생은 시속 3km의 속력으로 걷고, 형은 시속 6km의 속력으로 뛰었을 때, 형이 집에서 출발한 지 몇 분 후에 동생을 만나는지 구하시오.","구해야하는 것은 무엇인가요?
① 동생이 걸은 거리
② 동생이 걸은 시간
③ 형이 출발 후 동생과 만날 때까지 걸린 시간
④ 형이 걸은 거리",형이 출발 후 동생과 만날 때까지 걸린 시간,③,무엇을 x로 정했나요?,형이 출발 후 동생과 만날 때까지 걸린 시간,"""형이 출발하여 동생과 만날때까지 걸린 시간을 x시간이라고 할때, 동생이 걸은 시간"" 을 x를 사용한 식으로 표현해보자",x+1/2,"""형이 동생과 같은 길을 따라 뛰어가서 동생을 만났다"" 를 식으로 표현해 보자",6x=3(x+1/2),4단계에서 세운 방정식을 풀어봅시다.,[ 6x=3(x+1/2) ] 이 식에서 괄호를 풀고 동류항끼리 정리해보세요,6x=3x+3/2,"distributive,combine_like_terms","[ 6x=3x+3/2 ] 이 식에서 좌변에는 x항을 모으고, 우변에는 상수항을 모아 정리해 보세요",3x=3/2,"move_term,combine_like_terms",[ 3x=3/2 ] 이 식에서 x값을 구하면 얼마인가요?,x=1/2,divide_coefficient,형이 출발한 지 몇 분 후에 동생을 만나는가요?,30분,약속
5,E,본문제,"전체 학생의 1/4은 지역 A에, 전체 학생의 1/5은 지역 B에, 전체 학생의 3/10은 지역 C에, 나머지 5명은 지역 D에 살고 있다. 전체 학생 중 지역 C에 살고 있는 학생수를 구하시오.","구해야하는 것은 무엇인가요?
① 전체 학생수
② 지역 A에 살고 있는 학생수
③ 지역 B에 살고 있는 학생수
④ 지역 C에 살고 있는 학생수",지역 C에 살고 있는 학생수,④,무엇을 x로 정했나요?,전체 학생수,"""전체 학생수를 x라 할때, 지역 A, 지역 B, 지역 C에 살고 있는 학생수"" 를 각각 x를 사용한 식으로 표현해보자
① 지역 A에 살고 있는 학생수
② 지역 B에 살고 있는 학생수
③ 지역 C에 살고 있는 학생수","(1/4)x,(1/5)x,(3/10)x","""A, B, C, D 지역에 살고 있는 학생수를 모두 더하면 전체 학생수이다"" 를 식으로 표현해 보자",(1/4)x+(1/5)x+(3/10)x+5=x,4단계에서 세운 방정식을 풀어봅시다.,[ (1/4)x+(1/5)x+(3/10)x+5=x ] 이 식에서 양변에 적당한 수를 곱하여 소수나 분수를 정수로 만들어 보세요,5x+4x+6x+100=20x,clear_fraction,"[ 5x+4x+6x+100=20x ] 이 식에서 좌변에는 x항을 모으고, 우변에는 상수항을 모아 정리해 보세요",5x=100,"move_term,combine_like_terms",[ 5x=100 ] 이 식에서 x값을 구하면 얼마인가요?,x=20,divide_coefficient,전체 학생 중 지역 C에 살고 있는 학생수는 몇 명인가요?,6명,인구
5,E,유사문제1,"전체 학생의 1/3은 지역 A에, 전체 학생의 1/4은 지역 B에, 전체 학생의 1/6은 지역 C에, 나머지 6명은 지역 D에 살고 있다. 전체 학생 중 지역 C에 살고 있는 학생수를 구하시오.","구해야하는 것은 무엇인가요?
① 전체 학생수
② 지역 C에 살고 있는 학생수
③ 지역 B에 살고 있는 학생수
④ 지역 A에 살고 있는 학생수",지역 C에 살고 있는 학생수,②,무엇을 x로 정했나요?,전체 학생수,"""전체 학생수를 x라 할때, 지역 A, 지역 B, 지역 C에 살고 있는 학생수"" 를 각각 x를 사용한 식으로 표현해보자
① 지역 A에 살고 있는 학생수
② 지역 B에 살고 있는 학생수
③ 지역 C에 살고 있는 학생수","(1/3)x,(1/4)x,(1/6)x","""A, B, C, D 지역에 살고 있는 학생수를 모두 더하면 전체 학생수이다"" 를 식으로 표현해 보자",(1/3)x+(1/4)x+(1/6)x+6=x,4단계에서 세운 방정식을 풀어봅시다.,[ (1/3)x+(1/4)x+(1/6)x+6=x ] 이 식에서 양변에 적당한 수를 곱하여 소수나 분수를 정수로 만들어 보세요,4x+3x+2x+72=12x,clear_fraction,"[ 4x+3x+2x+72=12x ] 이 식에서 좌변에는 x항을 모으고, 우변에는 상수항을 모아 정리해 보세요",3x=72,"move_term,combine_like_terms",[ 3x=72 ] 이 식에서 x값을 구하면 얼마인가요?,x=24,divide_coefficient,전체 학생 중 지역 C에 살고 있는 학생수는 몇 명인가요?,4명,인구
6,A,본문제,"지호와 세은이는 둘레의 길이가 1km인 원 모양의 산책로를 걸으려고 한다. 같은 지점에서 같은 방향으로 동시에 출발하여 지호는 분속 80m로 걷고, 세은이는 분속 60m로 걸을 때, 두 사람은 출발한 지 몇 분 후에 처음으로 다시 만나는지 구하시오.","구해야하는 것은 무엇인가요?
① 지호가 걸은 거리
② 세은이가 걸은 거리
③ 두 사람이 만날때 까지 걸은 거리
④ 두 사람이 출발 후 처음으로 다시 만날때 까지 걸린 시간",두 사람이 출발 후 처음으로 다시 만날때 까지 걸린 시간,④,무엇을 x로 정했나요?,두 사람이 출발 후 처음으로 다시 만날때 까지 걸린 시간,"""두 사람이 출발 후 다시 만나는 데 걸린 시간을 x분이라 할때, 지호와 세은이가 걸은 거리"" 를 각각 x를 사용한 식으로 표현해보자
① 지호가 걸은 거리
② 세은이가 걸은 거리","80x,60x","""두 사람이 같은 지점에서 같은 방향으로 동시에 출발하여 걷다가 다시 만나다"" 를 식으로 표현해 보자",80x=60x+1000,4단계에서 세운 방정식을 풀어봅시다.,"[ 80x=60x+1000 ] 이 식에서 좌변에는 x항을 모으고, 우변에는 상수항을 모아 정리해 보세요",20x=1000,"move_term,combine_like_terms",[ 20x=1000 ] 이 식에서 x값을 구하면 얼마인가요?,x=50,divide_coefficient,skip,skip,skip,두 사람은 출발한 지 몇 분 후에 처음으로 다시 만나는가요?,50분,운명
6,A,유사문제1,"도윤이와 서아는 둘레의 길이가 900m인 원 모양의 산책로를 걸으려고 한다. 같은 지점에서 같은 방향으로 동시에 출발하여 도윤이는 분속 90m로 걷고, 서아는 분속 60m로 걸을 때, 두 사람은 출발한 지 몇 분 후에 처음으로 다시 만나는지 구하시오.","구해야하는 것은 무엇인가요?
① 도윤이가 걸은 거리
② 서아가 걸은 거리
③ 두 사람이 출발 후 처음으로 다시 만날때 까지 걸린 시간
④ 두 사람이 만날때 까지 걸은 거리",두 사람이 출발 후 처음으로 다시 만날때 까지 걸린 시간,③,무엇을 x로 정했나요?,두 사람이 출발 후 처음으로 다시 만날때 까지 걸린 시간,"""두 사람이 출발 후 다시 만나는 데 걸린 시간을 x분이라 할때, 도윤이와 서아가 걸은 거리"" 를 각각 x를 사용한 식으로 표현해보자
① 도윤이가 걸은 거리
② 서아가 걸은 거리","90x,60x","""두 사람이 같은 지점에서 같은 방향으로 동시에 출발하여 걷다가 다시 만나다"" 를 식으로 표현해 보자",90x=60x+900,4단계에서 세운 방정식을 풀어봅시다.,"[ 90x=60x+900 ] 이 식에서 좌변에는 x항을 모으고, 우변에는 상수항을 모아 정리해 보세요",30x=900,"move_term,combine_like_terms",[ 30x=900 ] 이 식에서 x값을 구하면 얼마인가요?,x=30,divide_coefficient,skip,skip,skip,두 사람은 출발한 지 몇 분 후에 처음으로 다시 만나는가요?,30분,운명
6,B,본문제,"현주와 진수네 집 사이의 거리는 2.4km이다. 현주는 분속 70m, 진수는 분속 50m로 각자의 집에서 상대방의 집을 향하여 동시에 출발하였다. 두 사람은 출발한지 몇 분 후에 만나는지 구하시오.","구해야하는 것은 무엇인가요?
① 두 사람이 만날때 까지 걸은 거리
② 두 사람이 만날때 까지 걸린 시간
③ 현주가 걸은 거리
④ 진수가 걸은 거리",두 사람이 만날때 까지 걸린 시간,②,무엇을 x로 정했나요?,두 사람이 만날때 까지 걸린 시간,"""두 사람이 만날때 까지 걸린 시간을 x분이라 할때, 현주와 진수가 걸은 거리"" 를 각각 x를 사용한 식으로 표현해보자
① 현주가 걸은 거리
② 진수가 걸은 거리","70x,50x","""두 사람이 상대방 집을 향하여 동시에 출발 후 걷다가 만났다"" 를 식으로 표현해 보자",70x+50x=2400,4단계에서 세운 방정식을 풀어봅시다.,[ 70x+50x=2400 ] 이 식에서 동류항끼리 정리해 보세요,120x=2400,combine_like_terms,[ 120x=2400 ] 이 식에서 x값을 구하면 얼마인가요?,x=20,divide_coefficient,skip,skip,skip,두 사람은 출발한지 몇 분 후에 만나는가요?,20분,만남
6,B,유사문제1,"유나와 지훈이네 집 사이의 거리는 1.8km이다. 유나는 분속 70m, 지훈이는 분속 50m로 각자의 집에서 상대방의 집을 향하여 동시에 출발하였다. 두 사람은 출발한지 몇 분 후에 만나는지 구하시오.","구해야하는 것은 무엇인가요?
① 유나가 걸은 거리
② 지훈이가 걸은 거리
③ 두 사람이 만날때 까지 걸린 시간
④ 두 사람이 만날때 까지 걸은 거리",두 사람이 만날때 까지 걸린 시간,③,무엇을 x로 정했나요?,두 사람이 만날때 까지 걸린 시간,"""두 사람이 만날때 까지 걸린 시간을 x분이라 할때, 유나와 지훈이가 걸은 거리"" 를 각각 x를 사용한 식으로 표현해보자
① 유나가 걸은 거리
② 지훈이가 걸은 거리","70x,50x","""두 사람이 상대방 집을 향하여 동시에 출발 후 걷다가 만났다"" 를 식으로 표현해 보자",70x+50x=1800,4단계에서 세운 방정식을 풀어봅시다.,[ 70x+50x=1800 ] 이 식에서 동류항끼리 정리해 보세요,120x=1800,combine_like_terms,[ 120x=1800 ] 이 식에서 x값을 구하면 얼마인가요?,x=15,divide_coefficient,skip,skip,skip,두 사람은 출발한지 몇 분 후에 만나는가요?,15분,만남
6,C,본문제,"일정한 속력으로 달리는 기차가 길이 480m의 터널에 진입해서 완전히 빠져나가는 데 36초가 걸리고, 길이 120m의 다리에 진입해서 완전히 빠져나가는 데 12초가 걸린다고 한다. 기차의 길이를 구하시오.","구해야하는 것은 무엇인가요?
① 기차가 터널을 통과할때 걸린 시간
② 기차가 다리를 통과할때 걸린 시간
③ 기차의 속력
④ 기차의 길이",기차의 길이,④,무엇을 x로 정했나요?,기차의 길이,"""기차의 길이를 x m라 할 때, 터널과 다리를 완전히 빠져나갈때 기차의 속력(초속)"" 을 각각 x를 사용한 식으로 표현해보자
① 터널을 완전히 빠져나갈때 기차의 속력(초속)
② 다리를 완전히 빠져나갈때 기차의 속력(초속)","(x+480)/36,(x+120)/12","""기차는 터널과 다리를 통과하는 동안 일정한 속력으로 달린다"" 를 식으로 표현해 보자",(x+480)/36=(x+120)/12,4단계에서 세운 방정식을 풀어봅시다.,[ (x+480)/36=(x+120)/12 ] 이 식에서 양변에 적당한 수를 곱하여 소수나 분수를 정수로 만들어 보세요,x+480=3(x+120),clear_fraction,[ x+480=3(x+120) ] 이 식에서 괄호를 풀고 동류항끼리 정리해보세요,2x=120,"distributive,combine_like_terms",[ 2x=120 ] 이 식에서 x값을 구하면 얼마인가요?,x=60,divide_coefficient,기차의 길이는 몇 m인가요?,60m,기차
6,C,유사문제1,"일정한 속력으로 달리는 기차가 길이 500m의 터널에 진입해서 완전히 빠져나가는 데 35초가 걸리고, 길이 140m의 다리에 진입해서 완전히 빠져나가는 데 15초가 걸린다고 한다. 기차의 길이를 구하시오.","구해야하는 것은 무엇인가요?
① 기차의 속력
② 기차의 길이
③ 기차가 다리를 통과할때 걸린 시간
④ 기차가 터널을 통과할때 걸린 시간",기차의 길이,②,무엇을 x로 정했나요?,기차의 길이,"""기차의 길이를 x m라 할 때, 터널과 다리를 완전히 빠져나갈때 기차의 속력(초속)"" 을 각각 x를 사용한 식으로 표현해보자
① 터널을 완전히 빠져나갈때 기차의 속력(초속)
② 다리를 완전히 빠져나갈때 기차의 속력(초속)","(x+500)/35,(x+140)/15","""기차는 터널과 다리를 통과하는 동안 일정한 속력으로 달린다"" 를 식으로 표현해 보자",(x+500)/35=(x+140)/15,4단계에서 세운 방정식을 풀어봅시다.,[ (x+500)/35=(x+140)/15 ] 이 식에서 양변에 적당한 수를 곱하여 소수나 분수를 정수로 만들어 보세요,3(x+500)=7(x+140),clear_fraction,[ 3(x+500)=7(x+140) ] 이 식에서 괄호를 풀고 동류항끼리 정리해보세요,4x=520,"distributive,combine_like_terms",[ 4x=520 ] 이 식에서 x값을 구하면 얼마인가요?,x=130,divide_coefficient,기차의 길이는 몇 m인가요?,130m,기차
6,D,본문제,"어느 중학교의 작년 학생수는 400명이고, 올해는 작년에 비하여 4명이 증가하였다. 올해 남학생 수는 작년 남학생 수에 비해 5% 증가하고, 올해 여학생 수는 작년 여학생 수에 비해 3% 감소하였을 때, 올해 남학생 수를 구하시오.","구해야하는 것은 무엇인가요?
① 작년 여학생 수
② 작년 남학생 수
③ 올해 여학생 수
④ 올해 남학생 수",올해 남학생 수,④,무엇을 x로 정했나요?,작년 남학생 수,"""작년 남학생 수를 x라 할 때, 작년 여학생 수"" 를 x를 사용한 식으로 표현해보자",400-x,"""작년에 비하여 올해 남학생수는 5%증가, 여학생수는 3% 감소하여 전체 4명 증가하였다"" 를 식으로 표현해 보자",0.05x-0.03(400-x)=4,4단계에서 세운 방정식을 풀어봅시다.,[ 0.05x-0.03(400-x)=4 ] 이 식에서 양변에 적당한 수를 곱하여 소수나 분수를 정수로 만들어 보세요,5x-3(400-x)=400,clear_fraction,[ 5x-3(400-x)=400 ] 이 식에서 괄호를 풀고 동류항끼리 정리해보세요,8x-1200=400,"distributive,combine_like_terms","[ 8x-1200=400 ] 이 식에서 좌변에는 x항을 모으고, 우변에는 상수항을 모아 정리한 다음 x값을 구하면 얼마인가요?",x=200,"move_term,divide_coefficient",올해 남학생은 몇 명인가요?,210명,학교
6,D,유사문제1,"어느 중학교의 작년 학생수는 500명이고, 올해는 작년에 비하여 10명이 증가하였다. 올해 남학생 수는 작년 남학생 수에 비해 6% 증가하고, 올해 여학생 수는 작년 여학생 수에 비해 2% 감소하였을 때, 올해 남학생 수를 구하시오.","구해야하는 것은 무엇인가요?
① 올해 여학생 수
② 올해 남학생 수
③ 작년 여학생 수
④ 작년 남학생 수",올해 남학생 수,②,무엇을 x로 정했나요?,작년 남학생 수,"""작년 남학생 수를 x라 할 때, 작년 여학생 수"" 를 x를 사용한 식으로 표현해보자",500-x,"""작년에 비하여 올해 남학생수는 6%증가, 여학생수는 2% 감소하여 전체 10명 증가했다"" 를 식으로 표현해보자",0.06x-0.02(500-x)=10,4단계에서 세운 방정식을 풀어봅시다.,[ 0.06x-0.02(500-x)=10 ] 이 식에서 양변에 적당한 수를 곱하여 소수나 분수를 정수로 만들어 보세요,6x-2(500-x)=1000,clear_fraction,[ 6x-2(500-x)=1000 ] 이 식에서 괄호를 풀고 동류항끼리 정리해보세요,8x-1000=1000,"distributive,combine_like_terms","[ 8x-1000=1000 ] 이 식에서 좌변에는 x항을 모으고, 우변에는 상수항을 모아 정리한 다음 x값을 구하면 얼마인가요?",x=250,"move_term,divide_coefficient",올해 남학생 수는 몇 명인가요?,265명,학교
6,E,본문제,"어떤 일을 완성하는데 은지는 12일, 미희는 18일 걸린다고 한다. 은지가 며칠 동안 일을 하다가 쉬고 미희가 그 일을 완성하였다. 미희가 은지보다 3일을 더 일하였다면 은지는 며칠 동안 일하였는지 구하시오. (단, 일의 양은 1이다)","구해야하는 것은 무엇인가요?
① 은지가 일 한 날 수
② 미희가 일 한 날 수
③ 은지가 일을 쉰 날 수 
④ 은지와 미희가 같이 일 한 날 수 ",은지가 일 한 날 수,①,무엇을 x로 정했나요?,은지가 일 한 날 수,"""은지가 일 한 날 수를 x라 할 때, 미희가 일 한 날 수"" 를 x를 사용한 식으로 표현해보자",x+3,"""은지가 며칠 동안 일을 하다가 쉬고 미희가 은지보다 3일을 더 일하여 그 일을 완성하였다"" 를 식으로 표현해 보자",(1/12)x+(1/18)(x+3)=1,4단계에서 세운 방정식을 풀어봅시다.,[ (1/12)x+(1/18)(x+3)=1 ] 이 식에서 양변에 적당한 수를 곱하여 소수나 분수를 정수로 만들어 보세요,3x+2(x+3)=36,clear_fraction,[ 3x+2(x+3)=36 ] 이 식에서 괄호를 풀고 동류항끼리 정리해보세요,5x+6=36,"distributive,combine_like_terms","[ 5x+6=36 ] 이 식에서 좌변에는 x항을 모으고, 우변에는 상수항을 모아 정리한 다음 x값을 구하면 얼마인가요?",x=6,"move_term,divide_coefficient",은지는 며칠 동안 일하였는가요?,6일,아르바이트
6,E,유사문제1,"어떤 일을 완성하는데 수진이는 10일, 민지는 15일 걸린다고 한다. 수진이가 며칠 동안 일을 하다가 쉬고 민지가 그 일을 완성하였다. 민지가 수진이보다 5일을 더 일하였다면 수진이는 며칠 동안 일하였는지 구하시오. (단, 일의 양은 1이다)","구해야하는 것은 무엇인가요?
① 민지가 일 한 날 수
② 수진이가 일 한 날 수
③ 수진이가 일을 쉰 날 수 
④ 수진이와 민지가 같이 일 한 날 수",수진이가 일 한 날 수,②,무엇을 x로 정했나요?,수진이가 일 한 날 수,"""수진이가 일 한 날 수를 x라 할 때, 민지가 일한 날 수"" 를 x를 사용한 식으로 표현해보자",x+5,"""수진이가 며칠 동안 일을 하다가 쉬고 민지가 수진이보다 5일을 더 일하여 그 일을 완성하였다"" 를 식으로 표현해 보자",(1/10)x+(1/15)(x+5)=1,4단계에서 세운 방정식을 풀어봅시다.,[ (1/10)x+(1/15)(x+5)=1 ] 이 식에서 양변에 적당한 수를 곱하여 소수나 분수를 정수로 만들어 보세요,3x+2(x+5)=30,clear_fraction,[ 3x+2(x+5)=30 ] 이 식에서 괄호를 풀고 동류항끼리 정리해보세요,5x+10=30,"distributive,combine_like_terms","[ 5x+10=30 ] 이 식에서 좌변에는 x항을 모으고, 우변에는 상수항을 모아 정리한 다음 x값을 구하면 얼마인가요?",x=4,"move_term,divide_coefficient",수진이는 며칠 동안 일하였는가요?,4일,아르바이트
6,F,본문제,"하민이와 민수는 종이를 접어 꽃을 만들기로 하였다. 하민이는 10분에 꽃 4송이를, 민수는 12분에 꽃 6송이를 만들 수 있다. 하민이와 민수가 집에서 각각 꽃 16송이와 12송이를 미리 만들어 와서 동시에 꽃을 만들기 시작하였다. 두 사람의 꽃의 개수가 같아지는 것은 꽃을 만들기 시작한 지 몇 분 후인지 구하시오.","구해야하는 것은 무엇인가요?
① 꽃 한송이를 만드는데 걸린 시간
② 두 사람의 꽃의 개수가 같아질때 까지 걸린 시간
③ 하민이가 만든 꽃의 개수
④ 민수가 만든 꽃의 개수",두 사람의 꽃의 개수가 같아질때 까지 걸린 시간,②,무엇을 x로 정했나요?,두 사람의 꽃의 개수가 같아질때 까지 걸린 시간,"""두 사람의 꽃의 개수가 같아지는데 걸린 시간을 x분이라 할 때, x분 동안 하민이와 민수가 동시에 만든 꽃의 개수"" 를 각각 x를 사용한 식으로 표현해보자
① 하민이가 만든 꽃의 개수
② 민수가 만든 꽃의 개수","(2/5)x,(1/2)x","""두 사람의 꽃의 개수가 같아진다"" 를 식으로 표현해 보자",16+(2/5)x=12+(1/2)x,4단계에서 세운 방정식을 풀어봅시다.,[ 16+(2/5)x=12+(1/2)x ] 이 식에서 양변에 적당한 수를 곱하여 소수나 분수를 정수로 만들어 보세요,160+4x=120+5x,clear_fraction,"[ 160+4x=120+5x ] 이 식에서 좌변에는 x항을 모으고, 우변에는 상수항을 모아 정리한 다음 x값을 구하면 얼마인가요?",x=40,"move_term,combine_like_terms",skip,skip,skip,두 사람의 꽃의 개수가 같아지는 것은 꽃을 만들기 시작한 지 몇 분 후인가요?,40분,취미
6,F,유사문제1,"서연이와 민재는 종이를 접어 별을 만들기로 하였다. 서연이는 10분에 별 5개를, 민재는 12분에 별 4개를 만들 수 있다. 서연이와 민재가 각각 별 12개와 18개를 미리 만들어 와서 동시에 별을 만들기 시작하였다. 두 사람의 별의 개수가 같아지는 것은 별을 만들기 시작한 지 몇 분 후인지 구하시오.","구해야하는 것은 무엇인가요?
① 별 한 개를 만드는데 걸린 시간
② 서연이가 만든 별의 개수
③ 민재가 만든 별의 개수
④ 두 사람의 별의 개수가 같아질때 까지 걸린 시간",두 사람의 별의 개수가 같아질때 까지 걸린 시간,④,무엇을 x로 정했나요?,두 사람의 별의 개수가 같아질때 까지 걸린 시간,"""두 사람의 별의 개수가 같아지는데 걸린 시간을 x분이라 할 때, x분 동안 서연이와 민재가 동시에 만든 별의 개수"" 를 각각 x를 사용한 식으로 표현해보자
① 서연이가 만든 별의 개수
② 민재가 만든 별의 개수","(1/2)x,(1/3)x","""두 사람의 별 개수가 같아진다"" 를 식으로 표현해보자",12+(1/2)x=18+(1/3)x,4단계에서 세운 방정식을 풀어봅시다.,[ 12+(1/2)x=18+(1/3)x ] 이 식에서 양변에 적당한 수를 곱하여 소수나 분수를 정수로 만들어 보세요,72+3x=108+2x,clear_fraction,"[ 72+3x=108+2x ] 이 식에서 좌변에는 x항을 모으고, 우변에는 상수항을 모아 정리한 다음 x값을 구하면 얼마인가요?",x=36,"move_term,combine_like_terms",skip,skip,skip,두 사람의 별의 개수가 같아지는 것은 별을 만들기 시작한 지 몇 분 후인가요?,36분,취미
6,G,본문제,원가에 10%의 이익을 붙여 정가를 정한 상품이 팔리지 않아 정가에서 400원을 할인하여 팔았더니 1000원의 이익이 생겼다. 이 상품의 원가를 구하시오.,"구해야하는 것은 무엇인가요?
① 상품의 판매가
② 상품의 정가
③ 상품의 원가
④ 상품을 판매하고 얻은 이익",상품의 원가,③,무엇을 x로 정했나요?,상품의 원가,"""상품의 원가를 x원이라 할 때, 상품의 정가"" 를 x를 사용한 식으로 표현해보자",1.1x,"""정가에서 400원을 할인하여 팔았더니 1000원의 이익이 생겼다"" 를 식으로 표현해 보자",1.1x-400=x+1000,4단계에서 세운 방정식을 풀어봅시다.,[ 1.1x-400=x+1000 ] 이 식에서 양변에 적당한 수를 곱하여 소수나 분수를 정수로 만들어 보세요,11x-4000=10x+10000,clear_fraction,"[ 11x-4000=10x+10000 ] 이 식에서 좌변에는 x항을 모으고, 우변에는 상수항을 모아 정리한 다음 x값을 구하면 얼마인가요?",x=14000,"move_term,combine_like_terms",skip,skip,skip,이 상품의 원가는 얼마인가요?,14000원,쇼핑
6,G,유사문제1,원가에 20%의 이익을 붙여 정가를 정한 상품이 팔리지 않아 정가에서 500원을 할인하여 팔았더니 1500원의 이익이 생겼다. 이 상품의 원가를 구하시오.,"구해야하는 것은 무엇인가요?
① 상품을 판매하고 얻은 이익
② 상품의 판매가
③ 상품의 정가
④ 상품의 원가",상품의 원가,④,무엇을 x로 정했나요?,상품의 원가,"""상품의 원가를 x원이라 할 때, 상품의 정가"" 를 x를 사용한 식으로 표현해보자",1.2x,"""정가에서 500원을 할인하여 팔았더니 1500원의 이익이 생겼다"" 를 식으로 표현해보자",1.2x-500=x+1500,4단계에서 세운 방정식을 풀어봅시다.,[ 1.2x-500=x+1500 ] 이 식에서 양변에 적당한 수를 곱하여 소수나 분수를 정수로 만들어 보세요,12x-5000=10x+15000,clear_fraction,"[ 12x-5000=10x+15000 ] 이 식에서 좌변에는 x항을 모으고, 우변에는 상수항을 모아 정리해 보세요",2x=20000,"move_term,combine_like_terms",[ 2x=20000 ] 이 식에서 x값을 구하면 얼마인가요?,x=10000,divide_coefficient,이 상품의 원가는 얼마인가요?,10000원,쇼핑
