단계,유형,type,문제 텍스트,1/6문제,1/6정답,1/6선택정답,2/6문제,2/6정답,3/6문제,3/6정답,4/6문제,4/6정답,5/6문제,5/6정답,6/6문제,6/6정답,keyword,problemPrinciple,problemStrategy
1,A,본문제,형은 동생보다 4살 많고 두 사람의 나이의 합이 26살이다. 동생의 나이를 구하시오.,"구해야하는 것은 무엇인가요?
① 형의 나이
② 동생의 나이
③ 두 사람의 나이 차
④ 두 사람의 나이 합",동생의 나이,②,방정식을 쉽게 만들려면 무엇을 x로 정하면 좋을까요?,동생의 나이,“형은 동생보다 4살 많다”를 이용하여 형의 나이를 동생의 나이(x)를 사용한 식으로 표현해보자.,x+4,"""형의 나이(x+4)와 동생의 나이(x)의 합이 26살이다."" 이를 방정식으로 표현해보자.",x+4+x=26,4단계에서 세운 방정식의 해를 구해봅시다.,x=11,동생의 나이는 몇 살인가요?,11살,가족,"많다, 적다 관계","나이가 4살 많으면 ""+ 4"" 를 해보자"
1,A,유사문제1,누나는 동생보다 3살 많고 두 사람의 나이의 합이 21살이다. 동생의 나이를 구하시오.,"구해야하는 것은 무엇인가요?
① 두 사람의 나이 합
② 두 사람의 나이 차
③ 동생의 나이
④ 누나의 나이",동생의 나이,③,방정식을 쉽게 만들려면 무엇을 x로 정하면 좋을까요?,동생의 나이,“누나는 동생보다 3살 많다”를 이용하여 누나의 나이를 동생의 나이(x)를 사용한 식으로 표현해보자.,x+3,"""누나의 나이(x+3)와 동생의 나이(x)의 합이 21살이다."" 이를 방정식으로 표현해보자.",x+3+x=21,4단계에서 세운 방정식의 해를 구해봅시다.,x=9,동생의 나이는 몇 살인가요?,9살,가족,"많다, 적다 관계","나이가 3살 많으면 ""+ 3"" 을 해보자"
1,B,본문제,광진이네 반 학생 수는 36명이고 여학생이 남학생보다 8명 많다. 남학생의 수를 구하시오.,"구해야하는 것은 무엇인가요?
① 남학생의 수
② 여학생의 수
③ 남학생 수와 여학생 수의 합
④ 남학생 수와 여학생 수의 차",남학생의 수,①,방정식을 쉽게 만들려면 무엇을 x로 정하면 좋을까요?,남학생의 수,“여학생이 남학생보다 8명 많다”를 이용하여 여학생의 수를 남학생의 수(x)를 사용한 식으로 표현해보자.,x+8,"""남학생 수(x)와 여학생 수(x+8)의 합이 36명이다."" 이를 방정식으로 표현해보자.",x+8+x=36,4단계에서 세운 방정식의 해를 구해봅시다.,x=14,남학생 수는 몇 명인가요?,14명,학교,"많다, 적다 관계","사람수가 8명 많으면 ""+ 8"" 을 해보자"
1,B,유사문제1,어느 반 학생 수는 30명이고 여학생이 남학생보다 6명 많다. 남학생의 수를 구하시오.,"구해야하는 것은 무엇인가요?
① 남학생 수와 여학생 수의 합
② 남학생 수와 여학생 수의 차
③ 여학생의 수
④ 남학생의 수",남학생의 수,④,방정식을 쉽게 만들려면 무엇을 x로 정하면 좋을까요?,남학생의 수,“여학생이 남학생보다 6명 많다”를 이용하여 여학생의 수를 남학생의 수(x)를 사용한 식으로 표현해보자.,x+6,"""남학생 수(x)와 여학생 수(x+6)의 합이 30명이다."" 이를 방정식으로 표현해보자.",x+6+x=30,4단계에서 세운 방정식의 해를 구해봅시다.,x=12,남학생 수는 몇 명인가요?,12명,학교,"많다, 적다 관계","사람수가 6명 많으면 ""+ 6"" 을 해보자"
1,C,본문제,광진이는 농구 시합에서 3점 슛 3개와 2점 슛 여러 개를 넣어 총 37점을 득점하였다. 광진이가 넣은 2점 슛의 개수를 구하시오.,"구해야하는 것은 무엇인가요?
① 3점 슛의 개수
② 2점 슛의 개수
③ 전체 슛의 개수
④ 총 득점",2점 슛의 개수,②,방정식을 쉽게 만들려면 무엇을 x로 정하면 좋을까요?,2점 슛의 개수,"2점 슛의 개수가 x개일 때, 2점 슛의 점수를 식으로 표현해보자.",2x,"""3점 슛 3개의 점수와 2점 슛의 점수(2x)의 합이 37점이다."" 이를 방정식으로 표현해보자.",9+2x=37,4단계에서 세운 방정식의 해를 구해봅시다.,x=14,2점 슛의 개수는 몇 개인가요?,14개,농구,농구 경기의 득점 계산,"농구 득점은 ""슛의 개수 × 슛 1개의 점수"" 로 구해보자"
1,C,유사문제1,지민이는 농구 시합에서 3점 슛 2개와 2점 슛 여러 개를 넣어 총 28점을 득점하였다. 지민이가 넣은 2점 슛의 개수를 구하시오.,"구해야하는 것은 무엇인가요?
① 2점 슛의 개수
② 3점 슛의 개수
③ 총 득점
④ 전체 슛의 개수",2점 슛의 개수,①,방정식을 쉽게 만들려면 무엇을 x로 정하면 좋을까요?,2점 슛의 개수,"2점 슛의 개수가 x개일 때, 2점 슛의 점수를 식으로 표현해보자.",2x,"""3점 슛 2개의 점수와 2점 슛의 점수(2x)의 합이 28점이다."" 이를 방정식으로 표현해보자.",6+2x=28,4단계에서 세운 방정식의 해를 구해봅시다.,x=11,2점 슛의 개수는 몇 개인가요?,11개,농구,농구 경기의 득점 계산,"농구 득점은 ""슛의 개수 × 슛 1개의 점수"" 로 구해보자"
1,D,본문제,한 자루에 800원인 볼펜 몇 자루와 2000원 하는 필통을 샀더니 가격이 9200원이다. 필통에 담긴 볼펜이 몇 자루인지 구하시오.,"구해야하는 것은 무엇인가요?
① 볼펜의 개수
② 볼펜의 가격
③ 필통의 개수
④ 필통의 가격",볼펜의 개수,①,방정식을 쉽게 만들려면 무엇을 x로 정하면 좋을까요?,볼펜의 개수,"한 자루에 800원인 볼펜의 개수가 x자루일 때, 볼펜의 가격을 식으로 표현해보자.",800x,"""볼펜의 가격(800x)과 필통의 가격(2000)의 합이 9200원이다."" 이를 방정식으로 표현해보자.",800x+2000=9200,4단계에서 세운 방정식의 해를 구해봅시다.,x=9,볼펜은 몇 자루인가요?,9자루,문구,물건의 가격 계산,"물건의 가격은 ""물건 개수 × 1개의 가격"" 으로 구해보자"
1,D,유사문제1,한 자루에 700원인 연필 몇 자루와 2000원 하는 필통을 샀더니 가격이 9000원이다. 필통에 담긴 연필이 몇 자루인지 구하시오.,"구해야하는 것은 무엇인가요?
① 필통의 개수
② 필통의 가격
③ 연필의 개수
④ 연필의 가격",연필의 개수,③,방정식을 쉽게 만들려면 무엇을 x로 정하면 좋을까요?,연필의 개수,"한 자루에 700원인 연필의 개수가 x자루일 때, 연필의 가격을 식으로 표현해보자.",700x,"""연필의 가격(700x)과 필통의 가격(2000)의 합이 9000원이다."" 이를 방정식으로 표현해보자.",700x+2000=9000,4단계에서 세운 방정식의 해를 구해봅시다.,x=10,연필은 몇 자루인가요?,10자루,문구,물건의 가격 계산,"물건의 가격은 ""물건 개수 × 1개의 가격"" 으로 구해보자"
1,E,본문제,"어느 농장에 소와 닭을 합하여 15마리가 있다. 다리의 수의 합이 44개일 때, 소는 모두 몇 마리인지 구하시오.","구해야하는 것은 무엇인가요?
① 소의 다리 개수
② 소의 마리수
③ 닭의 다리 개수
④ 닭의 마리수",소의 마리수,②,방정식을 쉽게 만들려면 무엇을 x로 정하면 좋을까요?,소의 마리수,“소와 닭을 합하여 15마리이다”를 이용하여 닭의 마리 수를 소의 마리 수(x)를 사용한 식으로 표현해보자.,15-x,"""소의 다리는 한 마리당 4개, 닭의 다리는 한 마리당 2개이다. 소(x마리)와 닭(15-x마리)의 다리 수의 합은 44개이다."" 이를 방정식으로 표현해보자.",4x+2(15-x)=44,4단계에서 세운 방정식의 해를 구해봅시다.,x=7,소는 몇 마리인가요?,7마리,동물,동물의 다리의 수,"소의 다리는 4개, 닭의 다리는 2개이다."
1,E,유사문제1,"어느 농장에 양과 오리를 합하여 18마리가 있다. 다리의 수의 합이 54개일 때, 양은 모두 몇 마리인지 구하시오.","구해야하는 것은 무엇인가요?
① 오리의 다리 개수
② 오리의 마리수
③ 양의 다리 개수
④ 양의 마리수",양의 마리수,④,방정식을 쉽게 만들려면 무엇을 x로 정하면 좋을까요?,양의 마리수,“양과 오리를 합하여 18마리이다”를 이용하여 오리의 마리 수를 양의 마리 수(x)를 사용한 식으로 표현해보자.,18-x,"""양의 다리는 한 마리당 4개, 오리의 다리는 한 마리당 2개이다. 양(x마리)과 오리(18-x마리)의 다리 수의 합은 54개이다."" 이를 방정식으로 표현해보자.",4x+2(18-x)=54,4단계에서 세운 방정식의 해를 구해봅시다.,x=9,양은 몇 마리인가요?,9마리,동물,동물의 다리의 수,"양의 다리는 4개, 오리의 다리는 2개이다."
2,A,본문제,"형과 동생은 우표를 각각 16장, 12장 가지고 있다. 형이 동생에게 몇 장의 우표를 주면 동생이 가진 우표 수가 형이 가진 우표 수의 3배가 되는지 구하시오.","구해야하는 것은 무엇인가요?
① 형이 동생에게 주는 우표 개수
② 동생이 형에게 주는 우표 개수
③ 형이 가진 우표 개수
④ 동생이 가진 우표 개수",형이 동생에게 주는 우표 개수,①,방정식을 쉽게 만들려면 무엇을 x로 정하면 좋을까요?,형이 동생에게 주는 우표 개수,"형이 동생에게 주는 우표의 개수가 x장일 때, “형이 가진 우표 개수”와 “동생이 가진 우표 개수”를 각각 x를 사용한 식으로 표현해보자. (답 2개)
① 형이 가진 우표 개수
② 동생이 가진 우표 개수","16-x,
12+x","""동생이 가진 우표(12+x)가 형이 가진 우표(16-x)의 3배가 된다."" 이를 방정식으로 표현해보자.",12+x=3(16-x),4단계에서 세운 방정식의 해를 구해봅시다.,x=9,형이 동생에게 준 우표는 몇 장인가요?,9장,선물,물건 주고 받기,물건을 주고 받을때 개수 변화를 생각해보자
2,A,유사문제1,"누나와 동생은 구슬을 각각 20개, 8개 가지고 있다. 누나가 동생에게 몇 개의 구슬을 주면 동생이 가진 구슬 수가 누나가 가진 구슬 수의 3배가 되는지 구하시오.","구해야하는 것은 무엇인가요?
① 동생이 누나에게 주는 구슬 개수
② 누나가 동생에게 주는 구슬 개수
③ 동생이 가진 구슬 개수
④ 누나가 가진 구슬 개수",누나가 동생에게 주는 구슬 개수,②,방정식을 쉽게 만들려면 무엇을 x로 정하면 좋을까요?,누나가 동생에게 주는 구슬 개수,"누나가 동생에게 주는 구슬의 개수가 x개일 때, “누나가 가진 구슬 개수”와 “동생이 가진 구슬 개수”를 각각 x를 사용한 식으로 표현해보자. (답 2개)
① 누나가 가진 구슬 개수
② 동생이 가진 구슬 개수","20-x,
8+x","""동생이 가진 구슬(8+x)이 누나가 가진 구슬(20-x)의 3배가 된다."" 이를 방정식으로 표현해보자.",8+x=3(20-x),4단계에서 세운 방정식의 해를 구해봅시다.,x=13,누나가 동생에게 준 구슬은 몇 개인가요?,13개,선물,물건 주고 받기,물건을 주고 받을때 개수 변화를 생각해보자
2,B,본문제,"올해 어머니의 나이는 40살이고, 아들의 나이는 8살이다. 어머니의 나이가 아들의 나이의 세 배가 되는 때는 몇 년 후인지 구하시오.","구해야하는 것은 무엇인가요?
① 어머니의 나이가 아들의 나이의 세 배가 되는 데 걸리는 기간
② 어머니의 나이와 아들의 나이의 차
③ 어머니의 나이
④ 아들의 나이",어머니의 나이가 아들의 나이의 세 배가 되는 데 걸리는 기간,①,방정식을 쉽게 만들려면 무엇을 x로 정하면 좋을까요?,어머니의 나이가 아들의 나이의 세 배가 되는 데 걸리는 기간,"어머니의 나이가 아들의 나이의 세 배가 되는 데 걸리는 기간을 x년이라고 할 때, “x년 후 어머니의 나이”와 “x년 후 아들의 나이”를 각각 x를 사용한 식으로 표현해보자. (답 2개)
① 어머니의 나이
② 아들의 나이","40+x,
8+x","""x년 후 어머니의 나이(40+x)가 아들의 나이(8+x)의 3배가 된다."" 이를 방정식으로 표현해보자.",40+x=3(8+x),4단계에서 세운 방정식의 해를 구해봅시다.,x=8,어머니의 나이가 아들의 나이의 세 배가 되는 때는 몇 년 후인가요?,8년,나이,나이 계산,현재 나이와 미래 나이를 구분해서 정리해보자
2,B,유사문제1,"현재 아버지의 나이는 45살이고, 딸의 나이는 9살이다. 아버지의 나이가 딸의 나이의 네 배가 되는 때는 몇 년 후인지 구하시오.","구해야하는 것은 무엇인가요?
① 딸의 나이
② 아버지의 나이
③ 아버지의 나이와 딸의 나이의 합
④ 아버지의 나이가 딸의 나이의 네 배가 되는 데 걸리는 기간",아버지의 나이가 딸의 나이의 네 배가 되는 데 걸리는 기간,④,방정식을 쉽게 만들려면 무엇을 x로 정하면 좋을까요?,아버지의 나이가 딸의 나이의 네 배가 되는 데 걸리는 기간,"아버지의 나이가 딸의 나이의 네 배가 되는 데 걸리는 기간을 x년이라고 할 때, “x년 후 아버지의 나이”와 “x년 후 딸의 나이”를 각각 x를 사용한 식으로 표현해보자. (답 2개)
① 아버지의 나이
② 딸의 나이","45+x,
9+x","""x년 후 아버지의 나이(45+x)가 딸의 나이(9+x)의 4배가 된다."" 이를 방정식으로 표현해보자.",45+x=4(9+x),4단계에서 세운 방정식의 해를 구해봅시다.,x=3,아버지의 나이가 딸의 나이의 네 배가 되는 때는 몇 년 후인가요?,3년,나이,나이 계산,현재 나이와 미래 나이를 구분해서 정리해보자
2,C,본문제,"일의 자릿수가 8인 두 자리 자연수가 있다. 이 자연수는 각 자릿수의 합의 4배와 같을 때, 이 자연수를 구하시오.","구해야하는 것은 무엇인가요?
① 두 자리 자연수의 십의 자리 숫자
② 두 자리 자연수의 일의 자리 숫자
③ 일의 자리가 8인 두 자리 자연수
④ 자연수",일의 자리가 8인 두 자리 자연수,③,방정식을 쉽게 만들려면 무엇을 x로 정하면 좋을까요?,일의 자리가 8인 두 자리 자연수의 십의 자리 숫자,"""일의 자리 숫자가 8이고 십의 자리 숫자가 x인 두 자리 자연수""를 식으로 표현해보자.",10x+8,"""두 자리 자연수(10x+8)는 십의 자리 숫자(x)와 일의 자리 숫자(8)의 합의 4배와 같다."" 이를 방정식으로 표현해보자.",10x+8=4(x+8),4단계에서 세운 방정식의 해를 구해봅시다.,x=4,5단계에서 구한 x의 값은 십의 자리 숫자입니다. 일의 자리 숫자는 8입니다. 처음 두 자리 자연수를 구해봅시다.,48,자연수,두 자리 자연수 표현,"십의 자리 숫자가 x, 일의 자리 숫자가 8인 자연수는 ""10x + 8"" 로 나타내보자"
2,C,유사문제1,"일의 자릿수가 6인 두 자리의 자연수가 있다. 이 자연수는 각 자릿수의 합의 4배와 같을 때, 이 자연수를 구하시오.","구해야하는 것은 무엇인가요?
① 일의 자리가 6인 두 자리 자연수
② 두 자리 자연수의 일의 자리 숫자
③ 두 자리 자연수의 십의 자리 숫자
④ 자연수",일의 자리가 6인 두 자리 자연수,①,방정식을 쉽게 만들려면 무엇을 x로 정하면 좋을까요?,일의 자리가 6인 두 자리 자연수의 십의 자리 숫자,"""일의 자리 숫자가 6이고 십의 자리 숫자가 x인 두 자리 자연수""를 식으로 표현해보자.",10x+6,"""두 자리 자연수(10x+6)는 십의 자리 숫자(x)와 일의 자리 숫자(6)의 합의 4배와 같다."" 이를 방정식으로 표현해보자.",10x+6=4(x+6),4단계에서 세운 방정식의 해를 구해봅시다.,x=3,5단계에서 구한 x의 값은 십의 자리 숫자입니다. 일의 자리 숫자는 6입니다. 처음 두 자리 자연수를 구해봅시다.,36,자연수,두 자리 자연수 표현,"십의 자리 숫자가 x, 일의 자리 숫자가 6인 자연수는 ""10x + 6"" 으로 나타내보자"
2,D,본문제,"연속하는 두 자연수의 합이 71일 때, 두 자연수를 구하시오.","구해야하는 것은 무엇인가요?
① 자연수
② 연속하는 두 자연수
③ 연속하는 두 자연수의 합
④ 연속하는 두 자연수의 차",연속하는 두 자연수,②,방정식을 쉽게 만들려면 무엇을 x로 정하면 좋을까요?,연속하는 두 자연수 중 작은 자연수,"""연속하는 두 자연수 중 작은 자연수를 x라고 할 때, 큰 자연수""를 식으로 표현해보자.",x+1,"""연속하는 두 자연수 중 작은 자연수(x)와 큰 자연수(x+1)의 합이 71이다."" 이를 방정식으로 표현해보자.",x+x+1=71,4단계에서 세운 방정식의 해를 구해봅시다.,x=35,5단계에서 구한 x의 값은 작은 자연수입니다. 큰 자연수는 작은 자연수보다 1만큼 큽니다. 두 자연수를 각각 구해봅시다. (답 2개),"35, 36",연속,연속한 자연수 표현,"작은 수를 x로 두고 다음 자연수는 ""x + 1"" 가 된다"
2,D,유사문제1,"연속하는 두 자연수의 합이 57일 때, 두 자연수를 구하시오.","구해야하는 것은 무엇인가요?
① 연속하는 두 자연수의 합
② 연속하는 두 자연수의 차
③ 연속하는 두 자연수
④ 자연수",연속하는 두 자연수,③,방정식을 쉽게 만들려면 무엇을 x로 정하면 좋을까요?,연속하는 두 자연수 중 작은 자연수,"""연속하는 두 자연수 중 작은 자연수를 x라고 할 때, 큰 자연수""를 식으로 표현해보자.",x+1,"""연속하는 두 자연수 중 작은 자연수(x)와 큰 자연수(x+1)의 합이 57이다."" 이를 방정식으로 표현해보자.",x+x+1=57,4단계에서 세운 방정식의 해를 구해봅시다.,x=28,5단계에서 구한 x의 값은 작은 자연수입니다. 큰 자연수는 작은 자연수보다 1만큼 큽니다. 두 자연수를 각각 구해봅시다. (답 2개),"28, 29",연속,연속한 자연수 표현,"작은 수를 x로 두고 다음 자연수는 ""x + 1"" 가 된다"
2,E,본문제,"가로의 길이가 세로의 길이보다 17cm 더 긴 직사각형이 있다. 이 직사각형의 둘레의 길이가 162cm일 때, 이 직사각형의 세로의 길이를 구하시오.","구해야하는 것은 무엇인가요?
① 직사각형의 둘레의 길이
② 직사각형의 가로의 길이
③ 직사각형의 세로의 길이
④ 직사각형의 넓이",직사각형의 세로의 길이,③,방정식을 쉽게 만들려면 무엇을 x로 정하면 좋을까요?,직사각형의 세로의 길이,"""직사각형의 세로의 길이를 x cm라고 할 때, 세로보다 17 cm 더 긴 가로의 길이""를 식으로 표현해보자.",x+17,"""직사각형의 둘레의 길이가 162 cm이면 가로와 세로의 길이의 합은 81 cm이다. 세로의 길이(x)와 가로의 길이(x+17)의 합이 81이다."" 이를 방정식으로 표현해보자.",x+x+17=81,4단계에서 세운 방정식의 해를 구해봅시다.,x=32,직사각형의 세로의 길이는 몇 cm인가요?,32cm,도형,직사각형의 둘레의 길이,"""직사각형의 둘레의 길이=2(가로의 길이 + 세로의 길이)"" 이다."
2,E,유사문제1,"가로의 길이가 세로의 길이보다 12cm 더 긴 직사각형이 있다. 이 직사각형의 둘레의 길이가 104cm일 때, 이 직사각형의 세로의 길이를 구하시오.","구해야하는 것은 무엇인가요?
① 직사각형의 넓이
② 직사각형의 둘레의 길이
③ 직사각형의 가로의 길이
④ 직사각형의 세로의 길이",직사각형의 세로의 길이,④,방정식을 쉽게 만들려면 무엇을 x로 정하면 좋을까요?,직사각형의 세로의 길이,"""직사각형의 세로의 길이를 x cm라고 할 때, 세로보다 12 cm 더 긴 가로의 길이""를 식으로 표현해보자.",x+12,"""직사각형의 둘레의 길이가 104 cm이면 가로와 세로의 길이의 합은 52 cm이다. 세로의 길이(x)와 가로의 길이(x+12)의 합이 52이다."" 이를 방정식으로 표현해보자.",x+x+12=52,4단계에서 세운 방정식의 해를 구해봅시다.,x=20,직사각형의 세로의 길이는 몇 cm인가요?,20cm,도형,직사각형의 둘레의 길이,"""직사각형의 둘레의 길이=2(가로의 길이 + 세로의 길이)"" 이다."
3,A,본문제,수민이는 농구 시합에서 2점 슛을 3점 슛의 3배보다 1개 더 많이 넣어 총 38점을 득점하였다. 수민이가 넣은 3점 슛은 몇 개인지 구하시오.,"구해야하는 것은 무엇인가요?
① 2점 슛의 개수
② 3점 슛의 개수
③ 전체 슛의 개수
④ 총 득점",3점 슛의 개수,②,방정식을 쉽게 만들려면 무엇을 x로 정하면 좋을까요?,3점 슛의 개수,“2점 슛을 3점 슛의 3배보다 1개 더 많이 넣었다”를 이용하여 2점 슛의 개수를 3점 슛의 개수(x)를 사용한 식으로 표현해보자.,3x+1,"""3점 슛 x개의 점수와 2점 슛 (3x+1)개의 점수의 합이 38점이다."" 이를 방정식으로 표현해보자.",3x+2(3x+1)=38,4단계에서 세운 방정식의 해를 구해봅시다.,x=4,수민이가 넣은 3점 슛은 몇 개인가요?,4개,농구,농구 경기의 득점 계산,"농구 득점은 ""슛의 개수 × 슛 1개의 점수"" 로 구해보자"
3,A,유사문제1,서윤이는 농구 시합에서 2점 슛을 3점 슛의 2배보다 2개 더 많이 넣어 총 32점을 득점하였다. 서윤이가 넣은 3점 슛은 몇 개인지 구하시오.,"구해야하는 것은 무엇인가요?
① 전체 슛의 개수
② 총 득점
③ 2점 슛의 개수
④ 3점 슛의 개수",3점 슛의 개수,④,방정식을 쉽게 만들려면 무엇을 x로 정하면 좋을까요?,3점 슛의 개수,“2점 슛을 3점 슛의 2배보다 2개 더 많이 넣었다”를 이용하여 2점 슛의 개수를 3점 슛의 개수(x)를 사용한 식으로 표현해보자.,2x+2,"""3점 슛 x개의 점수와 2점 슛 (2x+2)개의 점수의 합이 32점이다."" 이를 방정식으로 표현해보자.",3x+2(2x+2)=32,4단계에서 세운 방정식의 해를 구해봅시다.,x=4,서윤이가 넣은 3점 슛의 개수는 몇 개인가요?,4개,농구,농구 경기의 득점 계산,"농구 득점은 ""슛의 개수 × 슛 1개의 점수"" 로 구해보자"
3,B,본문제,"현재 형의 저금통에는 10000원, 동생의 저금통에는 3000원이 들어 있다. 앞으로 매달 형은 3000원씩, 동생은 2000원씩 저축을 한다고 할 때, 몇 개월 후에 형의 저금액이 동생의 저금액의 2배가 되는지 구하시오.","구해야하는 것은 무엇인가요?
① 형의 저금액이 동생의 저금액의 2배가 되는데 걸리는 개월 수
② 형의 저금액과 동생의 저금액의 합
③ 동생의 저금액
④ 형의 저금액",형의 저금액이 동생의 저금액의 2배가 되는데 걸리는 개월 수,①,방정식을 쉽게 만들려면 무엇을 x로 정하면 좋을까요?,형의 저금액이 동생의 저금액의 2배가 되는데 걸리는 개월 수,"“x개월 후 형의 저금액”과 “x개월 후 동생의 저금액”을 각각 x를 사용한 식으로 표현해보자. (답 2개)
① 형의 저금액
② 동생의 저금액","10000+3000x,
3000+2000x","""x개월 후 형의 저금액(10000+3000x)이 동생의 저금액(3000+2000x)의 2배가 된다."" 이를 방정식으로 표현해보자.",10000+3000x=2(3000+2000x),4단계에서 세운 방정식의 해를 구해봅시다.,x=4,형의 저금액이 동생의 저금액의 2배가 되는 것은 몇 개월 후인가요?,4개월 후,용돈,저금액,"x개월 동안 저금한 저금액은 ""매달 저금액 × 개월수"" 로 구해보자"
3,B,유사문제1,"현재 누나의 저금통에는 8000원, 동생의 저금통에는 2000원이 들어 있다. 앞으로 매달 누나는 2500원씩, 동생은 1500원씩 저축을 한다고 할 때, 몇 개월 후에 누나의 저금액이 동생의 저금액의 2배가 되는지 구하시오.","구해야하는 것은 무엇인가요?
① 동생의 저금액
② 누나의 저금액
③ 누나의 저금액이 동생의 저금액의 2배가 되는데 걸리는 개월 수
④ 누나의 저금액과 동생의 저금액의 합",누나의 저금액이 동생의 저금액의 2배가 되는데 걸리는 개월 수,③,방정식을 쉽게 만들려면 무엇을 x로 정하면 좋을까요?,누나의 저금액이 동생의 저금액의 2배가 되는데 걸리는 개월 수,"“x개월 후 누나의 저금액”과 “x개월 후 동생의 저금액”을 각각 x를 사용한 식으로 표현해보자. (답 2개)
① 누나의 저금액
② 동생의 저금액","8000+2500x,
2000+1500x","""x개월 후 누나의 저금액(8000+2500x)이 동생의 저금액(2000+1500x)의 2배가 된다."" 이를 방정식으로 표현해보자.",8000+2500x=2(2000+1500x),4단계에서 세운 방정식의 해를 구해봅시다.,x=8,누나의 저금액이 동생의 저금액의 2배가 되는 것은 몇 개월 후인가요?,8개월 후,용돈,저금액,"x개월 동안 저금한 저금액은 ""매달 저금액 × 개월수"" 로 구해보자"
3,C,본문제,"올해 아버지의 나이는 아들의 나이의 4배이다. 5년 후 아버지의 나이가 아들의 나이의 3배가 된다고 할 때, 올해 아들의 나이를 구하시오.","구해야하는 것은 무엇인가요?
① 올해 아들의 나이
② 올해 아버지의 나이
③ 아버지의 나이와 아들의 나이의 합
④ 아버지의 나이와 아들의 나이의 차",올해 아들의 나이,①,방정식을 쉽게 만들려면 무엇을 x로 정하면 좋을까요?,올해 아들의 나이,"""올해 아들의 나이가 x살일 때, 올해 아버지의 나이""를 아들의 나이(x)를 사용한 식으로 표현해보자.",4x,"""올해 아들의 나이는 (x)살이고 아버지의 나이는 (4x)살이다. 5년 후 아버지의 나이가 아들의 나이의 3배가 된다."" 이를 방정식으로 표현해보자.",4x+5=3(x+5),4단계에서 세운 방정식의 해를 구해봅시다.,x=10,올해 아들의 나이는 몇 살인가요?,10살,가족,나이 계산,현재 나이와 미래 나이를 구분해서 정리해보자
3,C,유사문제1,"올해 어머니의 나이는 딸의 나이의 4배이다. 6년 후 어머니의 나이가 딸의 나이의 3배가 된다고 할 때, 올해 딸의 나이를 구하시오.","구해야하는 것은 무엇인가요?
① 어머니의 나이와 딸의 나이의 합
② 어머니의 나이와 딸의 나이의 차
③ 올해 딸의 나이
④ 올해 어머니의 나이",올해 딸의 나이,③,방정식을 쉽게 만들려면 무엇을 x로 정하면 좋을까요?,올해 딸의 나이,"""올해 딸의 나이가 x살일 때, 올해 어머니의 나이""를 딸의 나이(x)를 사용한 식으로 표현해보자.",4x,"""올해 딸의 나이는 (x)살이고 어머니의 나이는 (4x)살이다. 6년 후 어머니의 나이가 딸의 나이의 3배가 된다."" 이를 방정식으로 표현해보자.",4x+6=3(x+6),4단계에서 세운 방정식의 해를 구해봅시다.,x=12,올해 딸의 나이는 몇 살인가요?,12살,가족,나이 계산,현재 나이와 미래 나이를 구분해서 정리해보자
3,D,본문제,"연속하는 두 홀수의 합이 36일 때, 두 홀수를 구하시오.","구해야하는 것은 무엇인가요?
① 두 홀수
② 두 홀수의 합
③ 두 홀수의 차
④ 두 홀수의 곱",두 홀수,①,방정식을 쉽게 만들려면 무엇을 x로 정하면 좋을까요?,두 홀수 중 작은 수,"""연속하는 두 홀수 중 작은 홀수가 x일 때, 큰 홀수""를 작은 홀수(x)를 사용한 식으로 표현해보자.",x+2,"""연속하는 두 홀수 중 작은 홀수(x)와 큰 홀수(x+2)의 합이 36이다."" 이를 방정식으로 표현해보자.",x+x+2=36,4단계에서 세운 방정식의 해를 구해봅시다.,x=17,5단계에서 구한 x의 값은 작은 홀수입니다. 큰 홀수는 작은 홀수보다 2만큼 큽니다. 두 홀수를 각각 구해봅시다. (답 2개),"17, 19",홀수,연속한 홀수 표현,"작은 수를 x로 두고 다음 홀수는 ""x + 2"" 가 된다"
3,D,유사문제1,"연속하는 두 홀수의 합이 48일 때, 두 홀수를 구하시오.","구해야하는 것은 무엇인가요?
① 두 홀수의 곱
② 두 홀수의 합
③ 두 홀수의 차
④ 두 홀수",두 홀수,④,방정식을 쉽게 만들려면 무엇을 x로 정하면 좋을까요?,두 홀수 중 작은 수,"""연속하는 두 홀수 중 작은 홀수가 x일 때, 큰 홀수""를 작은 홀수(x)를 사용한 식으로 표현해보자.",x+2,"""연속하는 두 홀수 중 작은 홀수(x)와 큰 홀수(x+2)의 합이 48이다."" 이를 방정식으로 표현해보자.",x+x+2=48,4단계에서 세운 방정식의 해를 구해봅시다.,x=23,5단계에서 구한 x의 값은 작은 홀수입니다. 큰 홀수는 작은 홀수보다 2만큼 큽니다. 두 홀수를 각각 구해봅시다. (답 2개),"23, 25",홀수,연속한 홀수 표현,"작은 수를 x로 두고 다음 홀수는 ""x + 2"" 가 된다"
3,E,본문제,"가로의 길이가 세로의 길이의 2배보다 4cm 짧은 직사각형이 있다. 둘레의 길이가 34cm일 때, 이 직사각형의 가로의 길이를 구하시오.","구해야하는 것은 무엇인가요?
① 직사각형의 넓이
② 직사각형의 둘레의 길이
③ 직사각형의 가로의 길이
④ 직사각형의 세로의 길이",직사각형의 가로의 길이,③,방정식을 쉽게 만들려면 무엇을 x로 정하면 좋을까요?,직사각형의 세로의 길이,“가로의 길이가 세로의 길이의 2배보다 4cm 짧다”를 이용하여 가로의 길이를 세로의 길이(x)를 사용한 식으로 표현해보자.,2x-4,"""직사각형의 둘레의 길이가 34 cm이면 가로와 세로의 길이의 합은 17 cm이다. 세로의 길이(x)와 가로의 길이(2x-4)의 합이 17 cm이다."" 이를 방정식으로 표현해보자.",x+2x-4=17,4단계에서 세운 방정식의 해를 구해봅시다.,x=7,5단계에서 구한 x의 값은 직사각형의 세로의 길이입니다. 가로의 길이는 세로의 길이의 2배보다 4 cm 짧습니다. 직사각형의 가로의 길이를 구해봅시다.,10cm,도형,직사각형의 둘레의 길이,"""직사각형의 둘레의 길이=2(가로의 길이 + 세로의 길이)"" 이다."
3,E,유사문제1,"가로의 길이가 세로의 길이의 2배보다 2cm 짧은 직사각형이 있다. 둘레의 길이가 50cm일 때, 이 직사각형의 가로의 길이를 구하시오.","구해야하는 것은 무엇인가요?
① 직사각형의 가로의 길이
② 직사각형의 세로의 길이
③ 직사각형의 둘레의 길이
④ 직사각형의 넓이",직사각형의 가로의 길이,①,방정식을 쉽게 만들려면 무엇을 x로 정하면 좋을까요?,직사각형의 세로의 길이,“가로의 길이가 세로의 길이의 2배보다 2cm 짧다”를 이용하여 가로의 길이를 세로의 길이(x)를 사용한 식으로 표현해보자.,2x-2,"""직사각형의 둘레의 길이가 50 cm이면 가로와 세로의 길이의 합은 25 cm이다. 세로의 길이(x)와 가로의 길이(2x-2)의 합이 25 cm이다."" 이를 방정식으로 표현해보자.",x+2x-2=25,4단계에서 세운 방정식의 해를 구해봅시다.,x=9,5단계에서 구한 x의 값은 직사각형의 세로의 길이입니다. 가로의 길이는 세로의 길이의 2배보다 2 cm 짧습니다. 직사각형의 가로의 길이를 구해봅시다.,16cm,도형,직사각형의 둘레의 길이,"""직사각형의 둘레의 길이=2(가로의 길이 + 세로의 길이)"" 이다."
4,A,본문제,"십의 자리의 숫자가 3인 두 자리 자연수가 있다. 이 자연수의 십의 자리의 숫자와 일의 자리의 숫자를 바꾼 수는 처음 수보다 36만큼 크다고 할 때, 처음 수를 구하시오.","구해야하는 것은 무엇인가요?
① 십의 자리의 숫자가 3인 두 자리 자연수
② 두 자리 자연수의 십의 자리 숫자
③ 두 자리 자연수의 일의 자리 숫자
④ 일의 자리의 숫자가 3인 두 자리 자연수",십의 자리의 숫자가 3인 두 자리 자연수,①,방정식을 쉽게 만들려면 무엇을 x로 정하면 좋을까요?,십의 자리의 숫자가 3인 두 자리 자연수의 일의 자리 숫자,"""십의 자리 숫자가 3이고 일의 자리 숫자가 x일 때, 처음 두 자리 자연수""를 x를 사용한 식으로 표현해보자.",30+x,"""십의 자리와 일의 자리 숫자를 바꾼 수는 처음 두 자리 자연수(30+x)보다 36만큼 크다."" 이를 방정식으로 표현해보자.",10x+3=30+x+36,4단계에서 세운 방정식의 해를 구해봅시다.,x=7,5단계에서 구한 x의 값은 일의 자리 숫자입니다. 십의 자리 숫자는 3입니다. 처음 두 자리 자연수를 구해봅시다.,37,자연수,두 자리 자연수 표현,"십의 자리 숫자가 x, 일의 자리 숫자가 3인 자연수는 ""10x + 3"" 으로 나타내보자"
4,A,유사문제1,"십의 자리의 숫자가 4인 두 자리 자연수가 있다. 이 자연수의 십의 자리의 숫자와 일의 자리의 숫자를 바꾼 수는 처음 수보다 27만큼 크다고 할 때, 처음 수를 구하시오.","구해야하는 것은 무엇인가요?
① 두 자리 자연수의 십의 자리 숫자
② 두 자리 자연수의 일의 자리 숫자
③ 십의 자리의 숫자가 4인 두 자리 자연수
④ 일의 자리의 숫자가 4인 두 자리 자연수",십의 자리의 숫자가 4인 두 자리 자연수,③,방정식을 쉽게 만들려면 무엇을 x로 정하면 좋을까요?,십의 자리의 숫자가 4인 두 자리 자연수의 일의 자리 숫자,"""십의 자리 숫자가 4이고 일의 자리 숫자가 x일 때, 처음 두 자리 자연수""를 x를 사용한 식으로 표현해보자.",40+x,"""십의 자리와 일의 자리 숫자를 바꾼 수는 처음 두 자리 자연수(40+x)보다 27만큼 크다."" 이를 방정식으로 표현해보자.",10x+4=40+x+27,4단계에서 세운 방정식의 해를 구해봅시다.,x=7,5단계에서 구한 x의 값은 일의 자리 숫자입니다. 십의 자리 숫자는 4입니다. 처음 두 자리 자연수를 구해봅시다.,47,자연수,두 자리 자연수 표현,"십의 자리 숫자가 x, 일의 자리 숫자가 4인 자연수는 ""10x + 4"" 로 나타내보자"
4,B,본문제,"가로의 길이가 4cm, 세로의 길이가 6cm인 직사각형이 있다. 이 직사각형의 가로의 길이를 5cm 늘리고, 세로의 길이를 몇 cm 늘렸더니 넓이가 처음 직사각형 넓이의 3배가 되었다. 이때 세로의 길이는 몇 cm 늘렸는지 구하시오.","구해야하는 것은 무엇인가요?
① 직사각형의 넓이
② 직사각형의 둘레의 길이
③ 4cm에서 늘린 가로의 길이
④ 6cm에서 늘린 세로의 길이",6cm에서 늘린 세로의 길이,④,방정식을 쉽게 만들려면 무엇을 x로 정하면 좋을까요?,6cm에서 늘린 세로의 길이,"""가로 4 cm, 세로 6 cm인 직사각형에서 가로를 5 cm, 세로를 x cm 늘렸을 때, 늘린 직사각형의 넓이""를 x를 사용한 식으로 표현해보자.",9(6+x),"""늘린 직사각형의 넓이 9(6+x)가 처음 직사각형의 넓이(24)의 3배가 된다."" 이를 방정식으로 표현해보자.",9(6+x)=3×24,4단계에서 세운 방정식의 해를 구해봅시다.,x=2,세로의 길이는 몇 cm 늘렸나요?,2cm,도형,직사각형의 넓이,"직사각형의 넓이는 ""가로 × 세로"" 이다"
4,B,유사문제1,"가로의 길이가 4cm, 세로의 길이가 4cm인 직사각형이 있다. 이 직사각형의 가로의 길이를 2cm 늘리고, 세로의 길이를 몇 cm 늘렸더니 넓이가 처음 직사각형 넓이의 3배가 되었다. 이때 세로의 길이는 몇 cm 늘렸는지 구하시오.","구해야하는 것은 무엇인가요?
① 4cm에서 늘린 가로의 길이
② 4cm에서 늘린 세로의 길이
③ 직사각형의 넓이
④ 직사각형의 둘레의 길이",4cm에서 늘린 세로의 길이,②,방정식을 쉽게 만들려면 무엇을 x로 정하면 좋을까요?,4cm에서 늘린 세로의 길이,"""가로 4 cm, 세로 4 cm인 직사각형에서 가로를 2 cm, 세로를 x cm 늘렸을 때, 늘린 직사각형의 넓이""를 x를 사용한 식으로 표현해보자.",6(4+x),"""늘린 직사각형의 넓이 6(4+x)가 처음 직사각형의 넓이(16)의 3배가 된다."" 이를 방정식으로 표현해보자.",6(4+x)=3×16,4단계에서 세운 방정식의 해를 구해봅시다.,x=4,세로의 길이는 몇 cm 늘렸나요?,4cm,도형,직사각형의 넓이,"직사각형의 넓이는 ""가로 × 세로"" 이다"
4,C,본문제,"집에서 학교까지 갈 때는 시속 2km, 같은 길을 되돌아올 때는 시속 3km로 걸어서 총 5시간이 걸렸다. 집에서 학교까지의 거리를 구하시오.","구해야하는 것은 무엇인가요?
① 집에서 학교까지 갈 때 걸은 속력
② 학교에서 집까지 올 때 걸은 속력
③ 집에서 학교까지 거리
④ 집에서 학교까지 갈 때 걸린 시간",집에서 학교까지 거리,③,방정식을 쉽게 만들려면 무엇을 x로 정하면 좋을까요?,집에서 학교까지 거리,"집에서 학교까지의 거리가 x km일 때, “시속 2 km로 갈 때 걸린 시간”과 “시속 3 km로 올 때 걸린 시간”을 각각 x를 사용한 식으로 표현해보자. (답 2개)
① 시속 2 km로 갈 때 걸린 시간
② 시속 3 km로 올 때 걸린 시간","x/2,
x/3","""시속 2 km로 갈 때 걸린 시간(x/2)과 시속 3 km로 올 때 걸린 시간(x/3)의 합이 5시간이다."" 이를 방정식으로 표현해보자.",x/2+x/3=5,4단계에서 세운 방정식의 해를 구해봅시다.,x=6,집에서 학교까지 거리는 몇 km인가요?,6km,산책,"거리, 시간, 속력의 관계","""시간 = 거리 ÷ 속력"" 관계를 생각하고 표나 그림으로 정리해보자"
4,C,유사문제1,"집에서 도서관까지 갈 때는 시속 3km, 같은 길을 되돌아올 때는 시속 6km로 걸어서 총 3시간이 걸렸다. 집에서 도서관까지의 거리를 구하시오.","구해야하는 것은 무엇인가요?
① 집에서 도서관까지 거리
② 집에서 도서관까지 갈 때 걸은 속력
③ 도서관에서 집으로 올 때 걸은 속력
④ 집에서 도서관까지 갈 때 걸린 시간",집에서 도서관까지 거리,①,방정식을 쉽게 만들려면 무엇을 x로 정하면 좋을까요?,집에서 도서관까지 거리,"집에서 도서관까지의 거리가 x km일 때, “시속 3 km로 갈 때 걸린 시간”과 “시속 6 km로 올 때 걸린 시간”을 각각 x를 사용한 식으로 표현해보자. (답 2개)
① 시속 3 km로 갈 때 걸린 시간
② 시속 6 km로 올 때 걸린 시간","x/3,
x/6","""시속 3 km로 갈 때 걸린 시간(x/3)과 시속 6 km로 올 때 걸린 시간(x/6)의 합이 3시간이다."" 이를 방정식으로 표현해보자.",x/3+x/6=3,4단계에서 세운 방정식의 해를 구해봅시다.,x=6,집에서 도서관까지의 거리는 몇 km인가요?,6km,산책,"거리, 시간, 속력의 관계","""시간 = 거리 ÷ 속력"" 관계를 생각하고 표나 그림으로 정리해보자"
4,D,본문제,"집에서 공원까지 갈 때는 시속 4km, 올 때는 같은 길을 시속 3km로 걸어서 총 1시간 10분이 걸렸다. 집에서 공원까지의 거리를 구하시오.","구해야하는 것은 무엇인가요?
① 집에서 공원까지 갈 때 걸린 시간
② 집에서 공원까지 거리
③ 공원에서 집으로 올 때 걸은 속력
④ 집에서 공원까지 갈 때 걸은 속력",집에서 공원까지 거리,②,방정식을 쉽게 만들려면 무엇을 x로 정하면 좋을까요?,집에서 공원까지 거리,"집에서 공원까지의 거리가 x km일 때, “시속 4 km로 갈 때 걸린 시간”과 “시속 3 km로 올 때 걸린 시간”을 각각 x를 사용한 식으로 표현해보자. (답 2개)
① 시속 4 km로 갈 때 걸린 시간
② 시속 3 km로 올 때 걸린 시간","x/4,
x/3","""시속 4 km로 갈 때 걸린 시간(x/4)과 시속 3 km로 올 때 걸린 시간(x/3)의 합이 1시간 10분이다."" 이를 방정식으로 표현해보자.",x/4+x/3=7/6,4단계에서 세운 방정식의 해를 구해봅시다.,x=2,집에서 공원까지 거리는 몇 km인가요?,2km,거리,"거리, 시간, 속력의 관계","""시간 = 거리 ÷ 속력"" 관계를 생각하고 표나 그림으로 정리해보자"
4,D,유사문제1,"학교에서 체육관까지 갈 때는 시속 5km, 올 때는 같은 길을 시속 4km로 걸어서 총 1시간 48분이 걸렸다. 학교에서 체육관까지의 거리를 구하시오.","구해야하는 것은 무엇인가요?
① 학교에서 체육관까지 갈 때 걸은 속력
② 체육관에서 학교까지 올 때 걸은 속력
③ 학교에서 체육관까지 거리
④ 학교에서 체육관까지 걸린 시간",학교에서 체육관까지 거리,③,방정식을 쉽게 만들려면 무엇을 x로 정하면 좋을까요?,학교에서 체육관까지 거리,"학교에서 체육관까지의 거리가 x km일 때, “시속 5 km로 갈 때 걸린 시간”과 “시속 4 km로 올 때 걸린 시간”을 각각 x를 사용한 식으로 표현해보자. (답 2개)
① 시속 5km로 갈 때 걸린 시간
② 시속 4km로 올 때 걸린 시간","x/5,
x/4","""시속 5 km로 갈 때 걸린 시간(x/5)과 시속 4 km로 올 때 걸린 시간(x/4)의 합이 1시간 48분이다."" 이를 방정식으로 표현해보자.",x/5+x/4=9/5,4단계에서 세운 방정식의 해를 구해봅시다.,x=4,학교에서 체육관까지의 거리는 몇 km인가요?,4km,거리,"거리, 시간, 속력의 관계","""시간 = 거리 ÷ 속력"" 관계를 생각하고 표나 그림으로 정리해보자"
4,E,본문제,8km 떨어진 지역까지 가는데 출발하여 시속 5km로 걷다가 어떤 지점부터 시속 6km로 달렸더니 총 1시간 30분이 걸렸다. 이때 시속 6km로 달린 거리를 구하시오.,"구해야하는 것은 무엇인가요?
① 시속 5km로 걸은 시간
② 시속 5km로 걸은 거리
③ 시속 6km로 달린 시간
④ 시속 6km로 달린 거리",시속 6km로 달린 거리,④,방정식을 쉽게 만들려면 무엇을 x로 정하면 좋을까요?,시속 6km로 달린 거리,"시속 6 km로 달린 거리가 x km이고 전체 거리가 8 km일 때, ""시속 5 km로 걸을 때 걸린 시간""과 ""시속 6 km로 달릴 때 걸린 시간""을 각각 x를 사용한 식으로 표현해보자. (답 2개)
① 시속 5 km로 걸을 때 걸린 시간
② 시속 6 km로 달릴 때 걸린 시간","(8-x)/5,
x/6","""시속 5 km로 걸은 시간 ((8-x)/5)와 시속 6 km로 달린 시간 (x/6)의 합이 1시간 30분이다."" 이를 방정식으로 표현해보자.",(8-x)/5+x/6=3/2,4단계에서 세운 방정식의 해를 구해봅시다.,x=3,시속 6km로 달린 거리는 몇 km인가요?,3km,운동,"거리, 시간, 속력의 관계","""시간 = 거리 ÷ 속력"" 관계를 생각하고 표나 그림으로 정리해보자"
4,E,유사문제1,10km 떨어진 지역까지 가는데 출발하여 시속 4km로 걷다가 어떤 지점부터 시속 6km로 달렸더니 총 2시간이 걸렸다. 이때 시속 6km로 달린 거리를 구하시오.,"구해야하는 것은 무엇인가요?
① 시속 6km로 달린 시간
② 시속 6km로 달린 거리
③ 시속 4km로 걸은 시간
④ 시속 4km로 걸은 거리",시속 6km로 달린 거리,②,방정식을 쉽게 만들려면 무엇을 x로 정하면 좋을까요?,시속 6km로 달린 거리,"시속 6 km로 달린 거리가 x km이고 전체 거리가 10 km일 때, ""시속 4 km로 걸을 때 걸린 시간""과 ""시속 6 km로 달릴 때 걸린 시간""을 각각 x를 사용한 식으로 표현해보자. (답 2개)
① 시속 4 km로 걸을 때 걸린 시간
② 시속 6 km로 달릴 때 걸린 시간","(10-x)/4,
x/6","""시속 4 km로 걸은 시간 ((10-x)/4)와 시속 6 km로 달린 시간 (x/6)의 합이 2시간이다."" 이를 방정식으로 표현해보자.",(10-x)/4+x/6=2,4단계에서 세운 방정식의 해를 구해봅시다.,x=6,시속 6km로 달린 거리는 몇 km인가요?,6km,운동,"거리, 시간, 속력의 관계","""시간 = 거리 ÷ 속력"" 관계를 생각하고 표나 그림으로 정리해보자"
5,A,본문제,"사탕을 학생들에게 4개씩 주면 7개가 남고, 5개씩 주면 3개가 부족하다고 한다. 이때 사탕을 받은 학생 수를 구하시오.","구해야하는 것은 무엇인가요?
① 사탕의 총 개수
② 한 사람이 받는 사탕의 개수
③ 사탕을 받지 못한 학생 수
④ 사탕을 받은 학생 수",사탕을 받은 학생 수,④,방정식을 쉽게 만들려면 무엇을 x로 정하면 좋을까요?,사탕을 받은 학생 수,"사탕을 받은 학생 수가 x명일 때, “4개씩 주면 7개가 남는 경우의 사탕 개수”와 “5개씩 주면 3개가 부족한 경우의 사탕 개수”를 각각 x를 사용한 식으로 표현해보자. (답 2개)
① 학생들에게 사탕을 4개씩 주면 7개가 남는 경우의 사탕 개수
② 학생들에게 사탕을 5개씩 주면 3개가 부족한 경우의 사탕 개수","4x+7,
5x-3","""4개씩 주면 7개가 남는 경우의 사탕 개수(4x+7)와 5개씩 주면 3개가 부족한 경우의 사탕 개수(5x-3)는 같다."" 이를 방정식으로 표현해보자.",4x+7=5x-3,4단계에서 세운 방정식의 해를 구해봅시다.,x=10,사탕을 받은 학생 수는 몇 명인가요?,10명,간식,물건 개수 계산,"""사탕 개수= 학생 수  × 학생 1명이 받는 사탕수"" 이다"
5,A,유사문제1,"초콜릿을 학생들에게 3개씩 주면 8개가 남고, 4개씩 주면 2개가 부족하다고 한다. 이때 초콜릿을 받은 학생 수를 구하시오.","구해야하는 것은 무엇인가요?
① 초콜릿을 받은 학생 수
② 초콜릿을 받지 못한 학생 수
③ 초콜릿의 총 개수
④ 한 사람이 받는 초콜릿의 개수",초콜릿을 받은 학생 수,①,방정식을 쉽게 만들려면 무엇을 x로 정하면 좋을까요?,초콜릿을 받은 학생 수,"초콜릿을 받은 학생 수가 x명일 때, “3개씩 주면 8개가 남는 경우의 초콜릿 개수”와 “4개씩 주면 2개가 부족한 경우의 초콜릿 개수”를 각각 x를 사용한 식으로 표현해보자. (답 2개)
① 학생들에게 초콜릿을 3개씩 주면 8개가 남는 경우의 초콜릿 개수
② 학생들에게 초콜릿을 4개씩 주면 2개가 부족한 경우의 초콜릿 개수","3x+8,
4x-2","""3개씩 주면 8개가 남는 경우의 초콜릿 개수(3x+8)와 4개씩 주면 2개가 부족한 경우의 초콜릿 개수(4x-2)는 같다."" 이를 방정식으로 표현해보자.",3x+8=4x-2,4단계에서 세운 방정식의 해를 구해봅시다.,x=10,초콜릿을 받은 학생 수는 몇 명인가요?,10명,간식,물건 개수 계산,"""초콜릿 개수= 학생 수  × 학생 1명이 받는 초콜릿수"" 이다"
5,B,본문제,"집과 도서관 사이를 왕복하는데 갈 때는 시속 3km, 올 때는 시속 4km로 걸어 올 때 걸린 시간이 갈 때 걸린 시간보다 20분 덜 걸렸다. 집과 도서관 사이의 거리를 구하시오.","구해야하는 것은 무엇인가요?
① 집과 도서관 사이의 거리
② 집에서 도서관까지 가는데 걸린 시간
③ 도서관에서 집까지 오는데 걸린 시간
④ 집에서 도서관까지 왕복하는데 걸은 속력",집과 도서관 사이의 거리,①,방정식을 쉽게 만들려면 무엇을 x로 정하면 좋을까요?,집과 도서관 사이의 거리,"집과 도서관 사이의 거리가 x km일 때, “시속 3 km로 갈 때 걸린 시간”과 “시속 4 km로 올 때 걸린 시간”을 각각 x를 사용한 식으로 표현해보자. (답 2개)
① 시속 3 km로 갈 때 걸린 시간
② 시속 4 km로 올 때 걸린 시간","x/3,
x/4","""시속 3 km로 갈 때 걸린 시간(x/3)이 시속 4 km로 올 때 걸린 시간(x/4)보다 20분 더 길다. 더 짧게 걸린 시속 4km로 올 때 걸린 시간에 20분을 더하면 시속 3km로 갈 때 걸린 시간과 같다."" 이를 방정식으로 표현해보자.",x/3=x/4+1/3,4단계에서 세운 방정식의 해를 구해봅시다.,x=4,집과 도서관 사이의 거리는 몇 km인가요?,4km,공부,"거리, 시간, 속력의 관계","""시간 = 거리 ÷ 속력"" 관계를 생각하고 표나 그림으로 정리해보자"
5,B,유사문제1,"집과 체육관 사이를 왕복하는데 갈 때는 시속 4km, 올 때는 시속 6km로 걸어 올 때 걸린 시간이 갈 때 걸린 시간보다 20분 덜 걸렸다. 집과 체육관 사이의 거리를 구하시오.","구해야하는 것은 무엇인가요?
① 집에서 체육관까지 가는데 걸린 시간
② 체육관에서 집까지 오는데 걸린 시간
③ 집과 체육관 사이의 거리
④ 집에서 체육관까지 왕복하는데 걸은 속력",집과 체육관 사이의 거리,③,방정식을 쉽게 만들려면 무엇을 x로 정하면 좋을까요?,집과 체육관 사이의 거리,"집과 체육관 사이의 거리가 x km일 때, “시속 4 km로 갈 때 걸린 시간”과 “시속 6 km로 올 때 걸린 시간”을 각각 x를 사용한 식으로 표현해보자. (답 2개)
① 시속 4 km로 갈 때 걸린 시간
② 시속 6 km로 올 때 걸린 시간","x/4,
x/6","""시속 4 km로 갈 때 걸린 시간(x/4)이 시속 6 km로 올 때 걸린 시간(x/6)보다 20분 더 길다. 더 짧게 걸린 시속 6 km로 올 때 걸린 시간에 20분을 더하면 시속 4 km로 갈 때 걸린 시간과 같다."" 이를 방정식으로 표현해보자.",x/4=x/6+1/3,4단계에서 세운 방정식의 해를 구해봅시다.,x=4,집과 체육관 사이의 거리는 몇 km인가요?,4km,공부,"거리, 시간, 속력의 관계","""시간 = 거리 ÷ 속력"" 관계를 생각하고 표나 그림으로 정리해보자"
5,C,본문제,"수련회에 참석한 학생들을 방에 배정하려고 한다. 한 방에 6명씩 배정하면 4명이 남고, 7명씩 배정하면 5명이 남는데 6명씩 배정할 때보다 방 1개가 줄어든다. 이때 수련회에 참석한 학생 수를 구하시오.","구해야하는 것은 무엇인가요?
① 6명의 학생이 사용한 방의 개수
② 수련회에 참석한 학생 수
③ 학생들이 사용한 방의 개수
④ 학생들이 사용하지 않고 남은 방의 개수",수련회에 참석한 학생 수,②,방정식을 쉽게 만들려면 무엇을 x로 정하면 좋을까요?,수련회에 배정된 방의 개수,"수련회에 배정된 방의 개수가 x개일 때, “한 방에 6명씩 배정하고 4명이 남는 경우의 학생 수”와 “한 방에 7명씩 배정하고 5명이 남으며 방을 1개 적게 사용하는 경우의 학생 수”를 각각 x를 사용한 식으로 표현해보자. (답 2개)
① 한 방에 6명씩 배정하고 4명이 남는 경우의 학생 수
② 한 방에 7명씩 배정하고 5명이 남으며 방을 1개 적게 사용하는 경우의 학생 수","6x+4,
7(x-1)+5","""한 방에 6명씩 배정하고 4명이 남는 경우의 학생 수(6x+4)와 한 방에 7명씩 배정하고 5명이 남으며 방을 1개 적게 사용하는 경우의 학생 수(7(x-1)+5)는 같다."" 이를 방정식으로 표현해보자.",6x+4=7(x-1)+5,4단계에서 세운 방정식의 해를 구해봅시다.,x=6,5단계에서 구한 x의 값은 6명씩 배정할 때 사용한 방의 개수입니다. 한 방에 6명씩 배정하고 4명이 남을 때의 학생 수를 구해봅시다.,40명,여행,사람수 계산,"""학생 수 = 방의 개수 × 방 1개에 들어가는 학생 수+ 남은 학생 수"" 이다"
5,C,유사문제1,"캠프에 참석한 학생들을 방에 배정하려고 한다. 한 방에 5명씩 배정하면 3명이 남고, 6명씩 배정하면 4명이 남는데 5명씩 배정할 때보다 방 1개가 줄어든다. 이때 캠프에 참석한 학생 수를 구하시오.","구해야하는 것은 무엇인가요?
① 캠프에 참석한 학생 수
② 학생들이 사용한 방의 개수
③ 학생들이 사용하지 않고 남은 방의 개수
④ 5명의 학생이 사용한 방의 개수",캠프에 참석한 학생 수,①,방정식을 쉽게 만들려면 무엇을 x로 정하면 좋을까요?,캠프에 배정된 방의 개수,"캠프에 배정된 방의 개수가 x개일 때, “한 방에 5명씩 배정하고 3명이 남는 경우의 학생 수”와 “한 방에 6명씩 배정하고 4명이 남으며 방을 1개 적게 사용하는 경우의 학생 수”를 각각 x를 사용한 식으로 표현해보자. (답 2개)
① 한 방에 5명씩 배정하고 3명이 남는 경우의 학생 수
② 한 방에 6명씩 배정하고 4명이 남으며 방을 1개 적게 사용하는 경우의 학생 수","5x+3,
6(x-1)+4","""한 방에 5명씩 배정하고 3명이 남는 경우의 학생 수(5x+3)와 한 방에 6명씩 배정하고 4명이 남으며 방을 1개 적게 사용하는 경우의 학생 수(6(x-1)+4)는 같다."" 이를 방정식으로 표현해보자.",5x+3=6(x-1)+4,4단계에서 세운 방정식의 해를 구해봅시다.,x=5,5단계에서 구한 x의 값은 5명씩 배정할 때 사용한 방의 개수입니다. 한 방에 5명씩 배정하고 3명이 남을 때의 학생 수를 구해봅시다.,28명,여행,사람수 계산,"""학생 수 = 방의 개수 × 방 1개에 들어가는 학생 수+ 남은 학생 수"" 이다"
5,D,본문제,"동생이 집에서 출발한 지 20분 후에 형이 같은 길을 따라 동생을 만나러 갔다. 동생은 시속 4km의 속력으로 걷고, 형은 시속 6km의 속력으로 뛰었을 때, 형이 집에서 출발한 지 몇 분 후에 동생을 만나는지 구하시오.","구해야하는 것은 무엇인가요?
① 동생이 걸은 거리
② 형이 걸은 거리
③ 동생이 걸은 시간
④ 형이 출발 후 동생과 만날 때까지 걸린 시간",형이 출발 후 동생과 만날 때까지 걸린 시간,④,방정식을 쉽게 만들려면 무엇을 x로 정하면 좋을까요?,형이 출발 후 동생과 만날 때까지 걸린 시간,"""형이 출발하여 동생과 만날 때까지 걸린 시간이 x시간일 때, 20분 먼저 출발한 동생이 걸은 시간""을 x를 사용한 식으로 표현해보자.",x+1/3,"""형이 출발하여 동생을 만날 때까지 걸린 시간은 x시간이고, 동생이 걸은 시간은 (x+1/3)시간이다. 형과 동생이 만났으므로 두 사람이 이동한 거리는 같다."" 이를 방정식으로 표현해보자.",6x=4(x+1/3),4단계에서 세운 방정식의 해를 구해봅시다.,x=2/3,형이 집에서 출발한 지 몇 분 후에 동생을 만나나요?,40분,약속,"거리, 시간, 속력의 관계","""거리 = 시간 × 속력"" 관계를 생각하고 표나 그림으로 정리해보자"
5,D,유사문제1,"동생이 집에서 출발한 지 30분 후에 형이 같은 길을 따라 동생을 만나러 갔다. 동생은 시속 3km의 속력으로 걷고, 형은 시속 6km의 속력으로 뛰었을 때, 형이 집에서 출발한 지 몇 분 후에 동생을 만나는지 구하시오.","구해야하는 것은 무엇인가요?
① 동생이 걸은 거리
② 동생이 걸은 시간
③ 형이 출발 후 동생과 만날 때까지 걸린 시간
④ 형이 걸은 거리",형이 출발 후 동생과 만날 때까지 걸린 시간,③,방정식을 쉽게 만들려면 무엇을 x로 정하면 좋을까요?,형이 출발 후 동생과 만날 때까지 걸린 시간,"""형이 출발하여 동생과 만날 때까지 걸린 시간이 x시간일 때, 30분 먼저 출발한 동생이 걸은 시간""을 x를 사용한 식으로 표현해보자.",x+1/2,"""형이 출발하여 동생을 만날 때까지 걸린 시간은 x시간이고, 동생이 걸은 시간은 (x+1/2)시간이다. 형과 동생이 만났으므로 두 사람이 이동한 거리는 같다."" 이를 방정식으로 표현해보자.",6x=3(x+1/2),4단계에서 세운 방정식의 해를 구해봅시다.,x=1/2,형이 출발한 지 몇 분 후에 동생을 만나나요?,30분,약속,"거리, 시간, 속력의 관계","""거리 = 시간 × 속력"" 관계를 생각하고 표나 그림으로 정리해보자"
5,E,본문제,"전체 학생의 1/4은 지역 A에, 전체 학생의 1/5은 지역 B에, 전체 학생의 3/10은 지역 C에, 나머지 5명은 지역 D에 살고 있다. 전체 학생 중 지역 C에 살고 있는 학생 수를 구하시오.","구해야하는 것은 무엇인가요?
① 전체 학생 수
② 지역 A에 살고 있는 학생 수
③ 지역 B에 살고 있는 학생 수
④ 지역 C에 살고 있는 학생 수",지역 C에 살고 있는 학생 수,④,방정식을 쉽게 만들려면 무엇을 x로 정하면 좋을까요?,전체 학생 수,"전체 학생 수가 x명일 때, “지역 A에 사는 학생 수”, “지역 B에 사는 학생 수”, “지역 C에 사는 학생 수”를 각각 x를 사용한 식으로 표현해보자. (답 3개)
① 지역 A에 사는 학생 수
② 지역 B에 사는 학생 수
③ 지역 C에 사는 학생 수","(1/4)x,
(1/5)x,
(3/10)x","""지역 A의 학생 수((1/4)x), 지역 B의 학생 수((1/5)x), 지역 C의 학생 수((3/10)x), 지역 D의 학생 수(5명)를 모두 더하면 전체 학생 수(x명)와 같다."" 이를 방정식으로 표현해보자.",(1/4)x+(1/5)x+(3/10)x+5=x,4단계에서 세운 방정식의 해를 구해봅시다.,x=20,5단계에서 구한 x의 값은 전체 학생 수입니다. 지역 C에는 전체 학생의 3/10이 살고 있습니다. 지역 C에 사는 학생 수를 구해봅시다.,6명,인구,비율,"전체 학생의 1/4 은 ""1/4 × 전체 학생 수"" 이다"
5,E,유사문제1,"전체 학생의 1/3은 지역 A에, 전체 학생의 1/4은 지역 B에, 전체 학생의 1/6은 지역 C에, 나머지 6명은 지역 D에 살고 있다. 전체 학생 중 지역 C에 살고 있는 학생 수를 구하시오.","구해야하는 것은 무엇인가요?
① 전체 학생 수
② 지역 C에 살고 있는 학생 수
③ 지역 B에 살고 있는 학생 수
④ 지역 A에 살고 있는 학생 수",지역 C에 살고 있는 학생 수,②,방정식을 쉽게 만들려면 무엇을 x로 정하면 좋을까요?,전체 학생 수,"전체 학생 수가 x명일 때, “지역 A에 사는 학생 수”, “지역 B에 사는 학생 수”, “지역 C에 사는 학생 수”를 각각 x를 사용한 식으로 표현해보자. (답 3개)
① 지역 A에 사는 학생 수
② 지역 B에 사는 학생 수
③ 지역 C에 사는 학생 수","(1/3)x,
(1/4)x,
(1/6)x","""지역 A의 학생 수((1/3)x), 지역 B의 학생 수((1/4)x), 지역 C의 학생 수((1/6)x), 지역 D의 학생 수(6명)를 모두 더하면 전체 학생 수(x명)와 같다."" 이를 방정식으로 표현해보자.",(1/3)x+(1/4)x+(1/6)x+6=x,4단계에서 세운 방정식의 해를 구해봅시다.,x=24,5단계에서 구한 x의 값은 전체 학생 수입니다. 지역 C에는 전체 학생의 1/6이 살고 있습니다. 지역 C에 사는 학생 수를 구해봅시다.,4명,인구,비율,"전체 학생의 1/3 은 ""1/3 × 전체 학생 수"" 이다"
6,A,본문제,"지호와 세은이는 둘레의 길이가 1km인 원 모양의 산책로를 걸으려고 한다. 같은 지점에서 같은 방향으로 동시에 출발하여 지호는 분속 80m로 걷고, 세은이는 분속 60m로 걸을 때, 두 사람은 출발한 지 몇 분 후에 처음으로 다시 만나는지 구하시오.","구해야하는 것은 무엇인가요?
① 지호가 걸은 거리
② 세은이가 걸은 거리
③ 두 사람이 만날 때까지 걸은 거리
④ 두 사람이 출발 후 처음으로 다시 만날 때까지 걸린 시간",두 사람이 출발 후 처음으로 다시 만날 때까지 걸린 시간,④,방정식을 쉽게 만들려면 무엇을 x로 정하면 좋을까요?,두 사람이 출발 후 처음으로 다시 만날 때까지 걸린 시간,"두 사람이 다시 만나는 데 걸린 시간이 x분일 때, “분속 80 m로 걷는 지호가 걸은 거리”와 “분속 60 m로 걷는 세은이가 걸은 거리”를 각각 x를 사용한 식으로 표현해보자. (답 2개)
① 분속 80 m로 걷는 지호가 걸은 거리
② 분속 60 m로 걷는 세은이가 걸은 거리","80x,
60x","""지호가 세은이보다 빨리 걷기 때문에, 지호가 걸은 거리(80x)가 세은이가 걸은 거리(60x)보다 산책로 한 바퀴의 길이(1 km)만큼 더 길어질 때 두 사람은 처음으로 다시 만난다."" 이를 방정식으로 표현해보자.",80x=60x+1000,4단계에서 세운 방정식의 해를 구해봅시다.,x=50,두 사람은 출발한 지 몇 분 후에 처음으로 다시 만나나요?,50분,운명,"거리, 시간, 속력의 관계","""거리 = 시간 × 속력"" 관계를 생각하고 표나 그림으로 정리해보자"
6,A,유사문제1,"도윤이와 서아는 둘레의 길이가 900m인 원 모양의 산책로를 걸으려고 한다. 같은 지점에서 같은 방향으로 동시에 출발하여 도윤이는 분속 90m로 걷고, 서아는 분속 60m로 걸을 때, 두 사람은 출발한 지 몇 분 후에 처음으로 다시 만나는지 구하시오.","구해야하는 것은 무엇인가요?
① 도윤이가 걸은 거리
② 서아가 걸은 거리
③ 두 사람이 출발 후 처음으로 다시 만날 때까지 걸린 시간
④ 두 사람이 만날 때까지 걸은 거리",두 사람이 출발 후 처음으로 다시 만날 때까지 걸린 시간,③,방정식을 쉽게 만들려면 무엇을 x로 정하면 좋을까요?,두 사람이 출발 후 처음으로 다시 만날 때까지 걸린 시간,"두 사람이 다시 만나는 데 걸린 시간이 x분일 때, “분속 90 m로 걷는 도윤이가 걸은 거리”와 “분속 60 m로 걷는 서아가 걸은 거리”를 각각 x를 사용한 식으로 표현해보자. (답 2개)
① 분속 90 m로 걷는 도윤이가 걸은 거리
② 분속 60 m로 걷는 서아가 걸은 거리","90x,
60x","""도윤이가 서아보다 빨리 걷기 때문에, 도윤이가 걸은 거리(90x)가 서아가 걸은 거리(60x)보다 산책로 한 바퀴의 길이(900 m)만큼 더 길어질 때 두 사람은 처음으로 다시 만난다."" 이를 방정식으로 표현해보자.",90x=60x+900,4단계에서 세운 방정식의 해를 구해봅시다.,x=30,두 사람은 출발한 지 몇 분 후에 처음으로 다시 만나나요?,30분,운명,"거리, 시간, 속력의 관계","""거리 = 시간 × 속력"" 관계를 생각하고 표나 그림으로 정리해보자"
6,B,본문제,"현주와 진수네 집 사이의 거리는 2.4km이다. 현주는 분속 70m, 진수는 분속 50m로 각자의 집에서 상대방의 집을 향하여 동시에 출발하였다. 두 사람은 출발한 지 몇 분 후에 만나는지 구하시오.","구해야하는 것은 무엇인가요?
① 두 사람이 만날 때까지 걸은 거리
② 두 사람이 만날 때까지 걸린 시간
③ 현주가 걸은 거리
④ 진수가 걸은 거리",두 사람이 만날 때까지 걸린 시간,②,방정식을 쉽게 만들려면 무엇을 x로 정하면 좋을까요?,두 사람이 만날 때까지 걸린 시간,"두 사람이 만나는 데 걸린 시간이 x분일 때, “분속 70 m로 걷는 현주가 걸은 거리”와 “분속 50 m로 걷는 진수가 걸은 거리”를 각각 x를 사용한 식으로 표현해보자. (답 2개)
① 분속 70 m로 걷는 현주가 걸은 거리
② 분속 50 m로 걷는 진수가 걸은 거리","70x,
50x","""현주와 진수는 서로 마주 보며 걷다가 만나므로, 현주가 걸은 거리(70x)와 진수가 걸은 거리(50x)를 합하면 두 집 사이의 거리 2.4 km와 같다."" 이를 방정식으로 표현해보자.",70x+50x=2400,4단계에서 세운 방정식의 해를 구해봅시다.,x=20,두 사람은 출발한 지 몇 분 후에 만나나요?,20분,만남,"거리, 시간, 속력의 관계","""거리 = 시간 × 속력"" 관계를 생각하고 표나 그림으로 정리해보자"
6,B,유사문제1,"유나와 지훈이네 집 사이의 거리는 1.8km이다. 유나는 분속 70m, 지훈이는 분속 50m로 각자의 집에서 상대방의 집을 향하여 동시에 출발하였다. 두 사람은 출발한 지 몇 분 후에 만나는지 구하시오.","구해야하는 것은 무엇인가요?
① 유나가 걸은 거리
② 지훈이가 걸은 거리
③ 두 사람이 만날 때까지 걸린 시간
④ 두 사람이 만날 때까지 걸은 거리",두 사람이 만날 때까지 걸린 시간,③,방정식을 쉽게 만들려면 무엇을 x로 정하면 좋을까요?,두 사람이 만날 때까지 걸린 시간,"두 사람이 만나는 데 걸린 시간이 x분일 때, “분속 70 m로 걷는 유나가 걸은 거리”와 “분속 50 m로 걷는 지훈이가 걸은 거리”를 각각 x를 사용한 식으로 표현해보자. (답 2개)
① 분속 70 m로 걷는 유나가 걸은 거리
② 분속 50 m로 걷는 지훈이가 걸은 거리","70x,
50x","""유나와 지훈이는 서로 마주 보며 걷다가 만나므로, 유나가 걸은 거리(70x)와 지훈이가 걸은 거리(50x)를 합하면 두 집 사이의 거리 1.8 km와 같다."" 이를 방정식으로 표현해보자.",70x+50x=1800,4단계에서 세운 방정식의 해를 구해봅시다.,x=15,두 사람은 출발한 지 몇 분 후에 만나나요?,15분,만남,"거리, 시간, 속력의 관계","""거리 = 시간 × 속력"" 관계를 생각하고 표나 그림으로 정리해보자"
6,C,본문제,"일정한 속력으로 달리는 기차가 길이 480m의 터널에 진입해서 완전히 빠져나가는 데 36초가 걸리고, 길이 120m의 다리에 진입해서 완전히 빠져나가는 데 12초가 걸린다고 한다. 기차의 길이를 구하시오.","구해야하는 것은 무엇인가요?
① 기차가 터널을 통과할때 걸린 시간
② 기차가 다리를 통과할때 걸린 시간
③ 기차의 속력
④ 기차의 길이",기차의 길이,④,방정식을 쉽게 만들려면 무엇을 x로 정하면 좋을까요?,기차의 길이,"기차의 길이가 x m일 때, “길이 480 m인 터널을 36초 동안 완전히 빠져나갈 때의 기차 속력”과 “길이 120 m인 다리를 12초 동안 완전히 빠져나갈 때의 기차 속력”을 각각 x를 사용한 식으로 표현해보자. (답 2개)
① 길이 480 m인 터널을 36초 동안 완전히 빠져나갈때 기차의 속력
② 길이 120 m인 다리를 12초 동안 완전히 빠져나갈때 기차의 속력","(x+480)/36,
(x+120)/12","""터널을 완전히 빠져나갈 때의 기차 속력((x+480)/36)과 다리를 완전히 빠져나갈 때의 기차 속력((x+120)/12)은 같다."" 이를 방정식으로 표현해보자.",(x+480)/36=(x+120)/12,4단계에서 세운 방정식의 해를 구해봅시다.,x=60,기차의 길이는 몇 m인가요?,60m,기차,"거리, 시간, 속력의 관계","""속력 = 거리 ÷ 시간"" 관계를 생각하고 표나 그림으로 정리해보자"
6,C,유사문제1,"일정한 속력으로 달리는 기차가 길이 500m의 터널에 진입해서 완전히 빠져나가는 데 35초가 걸리고, 길이 140m의 다리에 진입해서 완전히 빠져나가는 데 15초가 걸린다고 한다. 기차의 길이를 구하시오.","구해야하는 것은 무엇인가요?
① 기차의 속력
② 기차의 길이
③ 기차가 다리를 통과할때 걸린 시간
④ 기차가 터널을 통과할때 걸린 시간",기차의 길이,②,방정식을 쉽게 만들려면 무엇을 x로 정하면 좋을까요?,기차의 길이,"기차의 길이가 x m일 때, “길이 500 m인 터널을 35초 동안 완전히 빠져나갈 때의 기차 속력”과 “길이 140 m인 다리를 15초 동안 완전히 빠져나갈 때의 기차 속력”을 각각 x를 사용한 식으로 표현해보자. (답 2개)
① 길이 500 m인 터널을 35초 동안 완전히 빠져나갈 때의 기차 속력
② 길이 140 m인 다리를 15초 동안 완전히 빠져나갈 때의 기차 속력","(x+500)/35,
(x+140)/15","""터널을 완전히 빠져나갈 때의 기차 속력((x+500)/35)과 다리를 완전히 빠져나갈 때의 기차 속력((x+140)/15)은 같다."" 이를 방정식으로 표현해보자.",(x+500)/35=(x+140)/15,4단계에서 세운 방정식의 해를 구해봅시다.,x=130,기차의 길이는 몇 m인가요?,130m,기차,"거리, 시간, 속력의 관계","""속력 = 거리 ÷ 시간"" 관계를 생각하고 표나 그림으로 정리해보자"
6,D,본문제,"어느 중학교의 작년 학생 수는 400명이고, 올해는 작년에 비하여 4명이 증가하였다. 올해 남학생 수는 작년 남학생 수에 비해 5% 증가하고, 올해 여학생 수는 작년 여학생 수에 비해 3% 감소하였을 때, 올해 남학생 수를 구하시오.","구해야하는 것은 무엇인가요?
① 작년 여학생 수
② 작년 남학생 수
③ 올해 여학생 수
④ 올해 남학생 수",올해 남학생 수,④,방정식을 쉽게 만들려면 무엇을 x로 정하면 좋을까요?,작년 남학생 수,"""작년 전체 학생 수가 400명이고 작년 남학생 수가 x명""일 때, 다음을 각각 x를 사용한 식으로 표현해보자. (답 3개)
① 작년 여학생 수
② 작년보다 늘어난 남학생은 작년 남학생 수의 5%입니다. 늘어난 남학생 수
③ 작년보다 줄어든 여학생은 작년 여학생 수의 3%입니다. 줄어든 여학생 수","400-x,
0.05x,
0.03(400-x)","""작년보다 늘어난 남학생 수는 0.05x명이고, 작년보다 줄어든 여학생 수는 0.03(400-x)명이며, 전체 학생 수는 작년보다 4명 늘어났다."" 이를 방정식으로 표현해보자.",0.05x-0.03(400-x)=4,4단계에서 세운 방정식의 해를 구해봅시다.,x=200,5단계에서 구한 x의 값은 작년 남학생 수입니다. 올해 남학생 수는 작년 남학생 수보다 5% 증가했습니다. 작년 남학생 수와 증가한 남학생 수를 더하여 올해 남학생 수를 구해봅시다.,210명,학교,"비율, 증가, 감소","작년에 비해 5% 증가한 학생 수는 ""작년 학생 수 × 0.05"" 명 이다"
6,D,유사문제1,"어느 중학교의 작년 학생 수는 500명이고, 올해는 작년에 비하여 10명이 증가하였다. 올해 남학생 수는 작년 남학생 수에 비해 6% 증가하고, 올해 여학생 수는 작년 여학생 수에 비해 2% 감소하였을 때, 올해 남학생 수를 구하시오.","구해야하는 것은 무엇인가요?
① 올해 여학생 수
② 올해 남학생 수
③ 작년 여학생 수
④ 작년 남학생 수",올해 남학생 수,②,방정식을 쉽게 만들려면 무엇을 x로 정하면 좋을까요?,작년 남학생 수,"""작년 전체 학생 수가 500명이고 작년 남학생 수가 x명""일 때, 다음을 각각 x를 사용한 식으로 표현해보자. (답 3개)
① 작년 여학생 수
② 작년보다 늘어난 남학생은 작년 남학생 수의 6%입니다. 늘어난 남학생 수
③ 작년보다 줄어든 여학생은 작년 여학생 수의 2%입니다. 줄어든 여학생 수","500-x,
0.06x,
0.02(500-x)","""작년보다 늘어난 남학생 수는 0.06x명이고, 작년보다 줄어든 여학생 수는 0.02(500-x)명이며, 전체 학생 수는 작년보다 10명 늘어났다."" 이를 방정식으로 표현해보자.",0.06x-0.02(500-x)=10,4단계에서 세운 방정식의 해를 구해봅시다.,x=250,5단계에서 구한 x의 값은 작년 남학생 수입니다. 올해 남학생 수는 작년 남학생 수보다 6% 증가했습니다. 작년 남학생 수와 증가한 남학생 수를 더하여 올해 남학생 수를 구해봅시다.,265명,학교,"비율, 증가, 감소","작년에 비해 6% 증가한 학생 수는 ""작년 학생 수 × 0.06"" 명 이다"
6,E,본문제,"어떤 일을 완성하는데 은지는 12일, 미희는 18일 걸린다고 한다. 은지가 며칠 동안 일을 하다가 쉬고 미희가 그 일을 완성하였다. 미희가 은지보다 3일을 더 일하였다면 은지는 며칠 동안 일하였는지 구하시오. (단, 일의 양은 1이다)","구해야하는 것은 무엇인가요?
① 은지가 일한 날 수
② 미희가 일한 날 수
③ 은지가 일을 쉰 날 수 
④ 은지와 미희가 같이 일한 날 수 ",은지가 일한 날 수,①,방정식을 쉽게 만들려면 무엇을 x로 정하면 좋을까요?,은지가 일한 날 수,"""전체 일의 양이 1이고, 은지는 혼자 일하면 12일, 미희는 혼자 일하면 18일 만에 일을 완성합니다."" 다음을 각각 구해보자. (답 2개)
① 은지가 하루에 할 수 있는 일의 양
② 미희가 하루에 할 수 있는 일의 양","1/12,
1/18","""은지가 일한 날 수는 x일이고 미희는 은지보다 3일 더 일하였다. 은지가 한 일의 양과 미희가 한 일의 양을 더하면 전체 일의 양 1이 된다."" 이를 방정식으로 표현해보자.",(1/12)x+(1/18)(x+3)=1,4단계에서 세운 방정식의 해를 구해봅시다.,x=6,은지는 며칠 동안 일하였나요?,6일,아르바이트,전체를 '1'로 보는 문제,"일을 완성하는데 12일 걸리면 하루에 하는 일의 양은 ""1/12"" 이다"
6,E,유사문제1,"어떤 일을 완성하는데 수진이는 10일, 민지는 15일 걸린다고 한다. 수진이가 며칠 동안 일을 하다가 쉬고 민지가 그 일을 완성하였다. 민지가 수진이보다 5일을 더 일하였다면 수진이는 며칠 동안 일하였는지 구하시오. (단, 일의 양은 1이다)","구해야하는 것은 무엇인가요?
① 민지가 일한 날 수
② 수진이가 일한 날 수
③ 수진이가 일을 쉰 날 수 
④ 수진이와 민지가 같이 일한 날 수",수진이가 일한 날 수,②,방정식을 쉽게 만들려면 무엇을 x로 정하면 좋을까요?,수진이가 일한 날 수,"""전체 일의 양이 1이고, 수진이는 혼자 일하면 10일, 민지는 혼자 일하면 15일 만에 일을 완성합니다. 다음을 각각 구해보자. (답 2개)
① 수진이가 하루에 할 수 있는 일의 양
② 민지가 하루에 할 수 있는 일의 양","1/10,
1/15","""수진이가 일한 날 수는 x일이고 민지는 수진이보다 5일 더 일하였다. 수진이가 한 일의 양과 민지가 한 일의 양을 더하면 전체 일의 양 1이 된다."" 이를 방정식으로 표현해보자.",(1/10)x+(1/15)(x+5)=1,4단계에서 세운 방정식의 해를 구해봅시다.,x=4,수진이는 며칠 동안 일하였나요?,4일,아르바이트,전체를 '1'로 보는 문제,"일을 완성하는데 10일 걸리면 하루에 하는 일의 양은 ""1/10"" 이다"
6,F,본문제,"하민이와 민수는 종이를 접어 꽃을 만들기로 하였다. 하민이는 10분에 꽃 4송이를, 민수는 12분에 꽃 6송이를 만들 수 있다. 하민이와 민수가 집에서 각각 꽃 16송이와 12송이를 미리 만들어 와서 동시에 꽃을 만들기 시작하였다. 두 사람의 꽃의 개수가 같아지는 것은 꽃을 만들기 시작한 지 몇 분 후인지 구하시오.","구해야하는 것은 무엇인가요?
① 꽃 한 송이를 만드는 데 걸린 시간
② 두 사람의 꽃의 개수가 같아질 때까지 걸린 시간
③ 하민이가 만든 꽃의 개수
④ 민수가 만든 꽃의 개수",두 사람의 꽃의 개수가 같아질 때까지 걸린 시간,②,방정식을 쉽게 만들려면 무엇을 x로 정하면 좋을까요?,두 사람의 꽃의 개수가 같아질 때까지 걸린 시간,"두 사람의 꽃 개수가 같아지는 데 걸린 시간이 x분이고, 하민이는 10분에 4송이, 민수는 12분에 6송이를 만들 때, “x분 동안 하민이가 만든 꽃의 개수”와 “x분 동안 민수가 만든 꽃의 개수”를 각각 x를 사용한 식으로 표현해보자. (답 2개)
① x분 동안 하민이가 만든 꽃의 개수
② x분 동안 민수가 만든 꽃의 개수","(2/5)x,(1/2)x","""하민이는 처음에 16송이, 민수는 12송이를 가지고 있다. x분 동안 하민이가 만든 꽃의 개수((2/5)x)와 민수가 만든 꽃의 개수((1/2)x)를 각각 더하면 두 사람의 꽃의 개수가 같아진다."" 이를 방정식으로 표현해보자.",16+(2/5)x=12+(1/2)x,4단계에서 세운 방정식의 해를 구해봅시다.,x=40,두 사람의 꽃의 개수가 같아지는 것은 꽃을 만들기 시작한 지 몇 분 후인가요?,40분,취미,전체를 '1'로 보는 문제,"10분에 x개를 만드는 능력은 "" x  ÷ 10 "" 으로 나타내보자"
6,F,유사문제1,"서연이와 민재는 종이를 접어 별을 만들기로 하였다. 서연이는 10분에 별 5개를, 민재는 12분에 별 4개를 만들 수 있다. 서연이와 민재가 각각 별 12개와 18개를 미리 만들어 와서 동시에 별을 만들기 시작하였다. 두 사람의 별의 개수가 같아지는 것은 별을 만들기 시작한 지 몇 분 후인지 구하시오.","구해야하는 것은 무엇인가요?
① 별 한 개를 만드는 데 걸린 시간
② 서연이가 만든 별의 개수
③ 민재가 만든 별의 개수
④ 두 사람의 별의 개수가 같아질 때까지 걸린 시간",두 사람의 별의 개수가 같아질 때까지 걸린 시간,④,방정식을 쉽게 만들려면 무엇을 x로 정하면 좋을까요?,두 사람의 별의 개수가 같아질 때까지 걸린 시간,"두 사람의 별 개수가 같아지는 데 걸린 시간이 x분이고, 서연이는 10분에 5개, 민재는 12분에 4개를 만들 때, “x분 동안 서연이가 만든 별의 개수”와 “x분 동안 민재가 만든 별의 개수”를 각각 x를 사용한 식으로 표현해보자. (답 2개)
① x분 동안 서연이가 만든 별의 개수
② x분 동안 민재가 만든 별의 개수","(1/2)x,(1/3)x","""서연이는 처음에 별 12개, 민재는 18개를 가지고 있다. x분 동안 서연이가 만든 별의 개수((1/2)x)와 민재가 만든 별의 개수((1/3)x)를 각각 더한 뒤 두 사람의 별의 개수가 같아진다."" 이를 방정식으로 표현해보자.",12+(1/2)x=18+(1/3)x,4단계에서 세운 방정식의 해를 구해봅시다.,x=36,두 사람의 별의 개수가 같아지는 것은 별을 만들기 시작한 지 몇 분 후인가요?,36분,취미,전체를 '1'로 보는 문제,"10분에 x개를 만드는 능력은 "" x  ÷ 10 "" 으로 나타내보자"
6,G,본문제,원가에 10%의 이익을 붙여 정가를 정한 상품이 팔리지 않아 정가에서 400원을 할인하여 팔았더니 1000원의 이익이 생겼다. 이 상품의 원가를 구하시오.,"구해야하는 것은 무엇인가요?
① 상품의 판매가
② 상품의 정가
③ 상품의 원가
④ 상품을 판매하고 얻은 이익",상품의 원가,③,방정식을 쉽게 만들려면 무엇을 x로 정하면 좋을까요?,상품의 원가,"""상품의 원가가 x원이고 원가에 10%의 이익을 붙여 정가를 정했을 때, 상품의 정가""를 x를 사용한 식으로 표현해보자.",1.1x,"""상품의 정가(1.1x)에서 400원을 할인한 판매가는 원가(x)에 1000원의 이익을 더한 금액과 같다."" 이를 방정식으로 표현해보자.",1.1x-400=x+1000,4단계에서 세운 방정식의 해를 구해봅시다.,x=14000,이 상품의 원가는 얼마인가요?,14000원,쇼핑,"정가, 원가, 판매가 관계","""정가 = 원가 + 이익"" 으로 계산한다"
6,G,유사문제1,원가에 20%의 이익을 붙여 정가를 정한 상품이 팔리지 않아 정가에서 500원을 할인하여 팔았더니 1500원의 이익이 생겼다. 이 상품의 원가를 구하시오.,"구해야하는 것은 무엇인가요?
① 상품을 판매하고 얻은 이익
② 상품의 판매가
③ 상품의 정가
④ 상품의 원가",상품의 원가,④,방정식을 쉽게 만들려면 무엇을 x로 정하면 좋을까요?,상품의 원가,"""상품의 원가가 x원이고 원가에 20%의 이익을 붙여 정가를 정했을 때, 상품의 정가""를 x를 사용한 식으로 표현해보자.",1.2x,"""상품의 정가(1.2x)에서 500원을 할인한 판매가는 원가(x)에 1500원의 이익을 더한 금액과 같다."" 이를 방정식으로 표현해보자.",1.2x-500=x+1500,4단계에서 세운 방정식의 해를 구해봅시다.,x=10000,이 상품의 원가는 얼마인가요?,10000원,쇼핑,"정가, 원가, 판매가 관계","""정가 = 원가 + 이익"" 으로 계산한다"
